特店代號,登記名稱,對外名稱,營業地址市區,營業地址,MCC CODE,小額付款生效日,小額付款結束日,紅利扣抵生效日,紅利扣抵結束日,是否為當月新增
101001240,Y測試特店,聯合百貨公司（銀聯卡測試１）,台北市松山區,復興北路３６３號４樓,4722,20140729,0,20040519,0,N
100830038,Y測試特店,YN測試特店,台北市松山區,復興北路３６３號,4722,20171212,20210526,20140829,0,N
100829670,Y測試特店,YN測試特店,台北市松山區,復興北路３６３號,6300,20180222,0,20140828,0,N
1401403471,Y測試特店,YN測試特店,桃園市平鎮區,復興北路３６３號,5499,20071129,0,20071129,0,N
101408397,Y測試特店,蝦皮店到店－士林德行二店,台北市士林區,德行東路２５號１樓,5499,20071212,0,20071212,0,N
1401410957,Y測試特店,YN測試特店,桃園市中壢區,復興北路３６３號,5499,20100831,0,20100831,0,N
108000431,Y測試特店,蝦皮店到店－士林中山店,台北市士林區,中山北路七段１５０號１樓,7011,20200811,0,20140922,0,N
1101400985,Y測試特店,YN測試特店,基隆市仁愛區,復興北路３６３號,4722,20071108,0,20071108,0,N
1401403463,Y測試特店,YN測試特店,桃園市中壢區,復興北路３６３號,5499,20071108,0,20071108,0,N
6601000081,Y測試特店,YN測試特店,台北市松山區,復興北路３６３號,7011,20141027,20200722,20031223,0,N
4201409354,Y測試特店,YN測試特店,台中市太平區,復興北路３６３號,5499,20081006,0,20081006,0,N
101407368,Y測試特店,YN測試特店,台北市文山區,復興北路３６３號,5499,20070710,0,20070710,0,N
101407765,Y測試特店,蝦皮店到店－士林天母二店,台北市士林區,天母北路４０號１樓,5499,20070710,0,20070710,0,N
101407460,Y測試特店,簡塑慢行,台北市北投區,中正街４９巷３５號,5499,20070710,0,20070710,0,N
101407512,Y測試特店,YN測試特店,台北市北投區,復興北路３６３號,5499,20070710,0,20070710,0,N
101407934,Y測試特店,YN測試特店,台北市大同區,復興北路３６３號,5499,20070710,0,20070710,0,N
101407334,Y測試特店,YN測試特店,台北市文山區,復興北路３６３號,5499,20070710,0,20070710,0,N
101407392,Y測試特店,YN測試特店,台北市文山區,復興北路３６３號,5499,20070710,0,20070710,0,N
4401400760,Y測試特店,YN測試特店,彰化縣二水鄉,復興北路３６３號,5499,20070723,0,20070723,0,N
1401402257,Y測試特店,YN測試特店,桃園市觀音區,復興北路３６３號,5499,20070723,0,20070723,0,N
101407614,Y測試特店,YN測試特店,台北市松山區,復興北路３６３號,5499,20070710,0,20070710,0,N
101407561,Y測試特店,YN測試特店,台北市北投區,復興北路３６３號,5499,20070710,0,20070710,0,N
101408035,Y測試特店,私房草莓,台北市大安區,永康街６號,5499,20070710,0,20070710,0,N
101407212,Y測試特店,YN測試特店,台北市萬華區,復興北路３６３號,5499,20070710,0,20070710,0,N
101407225,Y測試特店,YN測試特店,台北市萬華區,復興北路３６３號,5499,20070710,0,20070710,0,N
101408043,Y測試特店,YN測試特店,台北市大安區,復興北路３６３號,5499,20070710,0,20070710,0,N
1301406083,Y測試特店,YN測試特店,新北市八里區,復興北路３６３號,5499,20070710,0,20070710,0,N
1301406128,Y測試特店,YN測試特店,新北市三重區,復興北路３６３號,5499,20070710,0,20070710,0,N
101407689,Y測試特店,YN測試特店,台北市松山區,復興北路３６３號,5499,20070710,0,20070710,0,N
101407723,Y測試特店,蝦皮店到店－信義和平店,台北市信義區,和平東路三段３６５號１樓,5499,20070710,0,20070710,0,N
1301406245,Y測試特店,YN測試特店,新北市三重區,復興北路３６３號,5499,20070710,0,20070710,0,N
1301406313,Y測試特店,YN測試特店,新北市三峽區,復興北路３６３號,5499,20070710,0,20070710,0,N
1301406415,Y測試特店,YN測試特店,新北市土城區,復興北路３６３號,5499,20070710,0,20070710,0,N
1301405764,Y測試特店,YN測試特店,新北市板橋區,復興北路３６３號,5499,20070710,0,20070710,0,N
1301405096,Y測試特店,YN測試特店,新北市汐止區,復興北路３６３號,5499,20070710,0,20070710,0,N
1301405148,Y測試特店,YN測試特店,新北市汐止區,復興北路３６３號,5499,20070710,0,20070710,0,N
101408246,Y測試特店,YN測試特店,台北市內湖區,復興北路３６３號,5499,20070710,0,20070710,0,N
1301406574,Y測試特店,YN測試特店,新北市中和區,復興北路３６３號,5499,20070710,0,20070710,0,N
1301405832,Y測試特店,YN測試特店,新北市泰山區,復興北路３６３號,5499,20070710,0,20070710,0,N
1301405858,Y測試特店,YN測試特店,新北市泰山區,復興北路３６３號,5499,20070710,0,20070710,0,N
1301405874,Y測試特店,YN測試特店,新北市泰山區,復興北路３６３號,5499,20070710,0,20070710,0,N
1301405299,Y測試特店,YN測試特店,新北市林口區,復興北路３６３號,5499,20070710,0,20070710,0,N
1301405305,Y測試特店,YN測試特店,新北市瑞芳區,復興北路３６３號,5499,20070710,0,20070710,0,N
1301406013,Y測試特店,YN測試特店,新北市深坑區,復興北路３６３號,5499,20070710,0,20070710,0,N
4201401926,Y測試特店,YN測試特店,台中市神岡區,復興北路３６３號,5499,20070723,0,20070723,0,N
4201401934,Y測試特店,YN測試特店,台中市神岡區,復興北路３６３號,5499,20070723,0,20070723,0,N
4201401950,Y測試特店,YN測試特店,台中市大肚區,復興北路３６３號,5499,20070723,0,20070723,0,N
4201401968,Y測試特店,和雲台南成功站停車場,台南市北區,成功路２２巷３號,5499,20070723,0,20070723,0,N
1401402265,Y測試特店,YN測試特店,桃園市觀音區,復興北路３６３號,5499,20070723,0,20070723,0,N
1401402272,Y測試特店,YN測試特店,桃園市觀音區,復興北路３６３號,5499,20070723,0,20070723,0,N
4301400164,Y測試特店,YN測試特店,南投縣南投市,復興北路３６３號,5499,20070723,0,20070723,0,N
1401402304,Y測試特店,YN測試特店,桃園市桃園區,復興北路３６３號,5499,20070723,0,20070723,0,N
4301400156,Y測試特店,YN測試特店,南投縣南投市,復興北路３６３號,5499,20070723,0,20070723,0,N
4301400172,Y測試特店,和雲台南蓮潭路停車場,台南市善化區,蓮潭路６１號旁,5499,20070723,0,20070723,0,N
1401402312,Y測試特店,YN測試特店,桃園市桃園區,復興北路３６３號,5499,20070723,0,20070723,0,N
1401402325,Y測試特店,YN測試特店,桃園市桃園區,復興北路３６３號,5499,20070723,0,20070723,0,N
4301400180,Y測試特店,YN測試特店,南投縣南投市,復興北路３６３號,5499,20070723,0,20070723,0,N
4301400198,Y測試特店,YN測試特店,南投縣南投市,復興北路３６３號,5499,20070723,0,20070723,0,N
1401402333,Y測試特店,YN測試特店,桃園市桃園區,復興北路３６３號,5499,20070723,0,20070723,0,N
4301400204,Y測試特店,YN測試特店,南投縣南投市,復興北路３６３號,5499,20070723,0,20070723,0,N
1401402340,Y測試特店,YN測試特店,桃園市桃園區,復興北路３６３號,5499,20070723,0,20070723,0,N
4301400211,Y測試特店,YN測試特店,南投縣南投市,復興北路３６３號,5499,20070723,0,20070723,0,N
1401402358,Y測試特店,YN測試特店,桃園市桃園區,復興北路３６３號,5499,20070723,0,20070723,0,N
4301400229,Y測試特店,YN測試特店,南投縣草屯鎮,復興北路３６３號,5499,20070723,0,20070723,0,N
1401402366,Y測試特店,YN測試特店,桃園市桃園區,復興北路３６３號,5499,20070723,0,20070723,0,N
4301400237,Y測試特店,YN測試特店,南投縣草屯鎮,復興北路３６３號,5499,20070723,0,20070723,0,N
1401402374,Y測試特店,YN測試特店,桃園市桃園區,復興北路３６３號,5499,20070723,0,20070723,0,N
4301400240,Y測試特店,YN測試特店,南投縣草屯鎮,復興北路３６３號,5499,20070723,0,20070723,0,N
1401402382,Y測試特店,YN測試特店,桃園市桃園區,復興北路３６３號,5499,20070723,0,20070723,0,N
4301400258,Y測試特店,YN測試特店,南投縣草屯鎮,復興北路３６３號,5499,20070723,0,20070723,0,N
1401402390,Y測試特店,YN測試特店,桃園市桃園區,復興北路３６３號,5499,20070723,0,20070723,0,N
1401402413,Y測試特店,YN測試特店,桃園市桃園區,復興北路３６３號,5499,20070723,0,20070723,0,N
1301404860,Y測試特店,YN測試特店,新北市中和區,復興北路３６３號,5499,20070710,0,20070710,0,N
1301404886,Y測試特店,YN測試特店,新北市中和區,復興北路３６３號,5499,20070710,0,20070710,0,N
1301404920,Y測試特店,YN測試特店,新北市永和區,復興北路３６３號,5499,20070710,0,20070710,0,N
1301405000,Y測試特店,YN測試特店,新北市汐止區,復興北路３６３號,5499,20070710,0,20070710,0,N
1301406229,Y測試特店,YN測試特店,新北市新店區,復興北路３６３號,5499,20070710,0,20070710,0,N
1301406355,Y測試特店,YN測試特店,新北市新莊區,復興北路３６３號,5499,20070710,0,20070710,0,N
4201401976,Y測試特店,YN測試特店,台中市沙鹿區,復興北路３６３號,5499,20070723,0,20070723,0,N
4201401997,Y測試特店,YN測試特店,台中市龍井區,復興北路３６３號,5499,20070723,0,20070723,0,N
4401400371,Y測試特店,YN測試特店,彰化縣彰化市,復興北路３６３號,5499,20070723,0,20070723,0,N
4401400389,Y測試特店,YN測試特店,彰化縣彰化市,復興北路３６３號,5499,20070723,0,20070723,0,N
4401400410,Y測試特店,YN測試特店,彰化縣彰化市,復興北路３６３號,5499,20070723,0,20070723,0,N
4401400473,Y測試特店,YN測試特店,彰化縣彰化市,復興北路３６３號,5499,20070723,0,20070723,0,N
4401400499,Y測試特店,YN測試特店,彰化縣鹿港鎮,復興北路３６３號,5499,20070723,0,20070723,0,N
4401400559,Y測試特店,YN測試特店,彰化縣和美鎮,復興北路３６３號,5499,20070723,0,20070723,0,N
1101400453,Y測試特店,YN測試特店,基隆市仁愛區,復興北路３６３號,5499,20070723,0,20070723,0,N
1101400478,Y測試特店,YN測試特店,基隆市仁愛區,復興北路３６３號,5499,20070723,0,20070723,0,N
1101400486,Y測試特店,YN測試特店,基隆市仁愛區,復興北路３６３號,5499,20070723,0,20070723,0,N
1101400494,Y測試特店,YN測試特店,基隆市仁愛區,復興北路３６３號,5499,20070723,0,20070723,0,N
1101400500,Y測試特店,YN測試特店,基隆市仁愛區,復興北路３６３號,5499,20070723,0,20070723,0,N
1101400518,Y測試特店,YN測試特店,基隆市仁愛區,復興北路３６３號,5499,20070723,0,20070723,0,N
1101400526,Y測試特店,YN測試特店,基隆市仁愛區,復興北路３６３號,5499,20070723,0,20070723,0,N
1101400275,Y測試特店,YN測試特店,基隆市安樂區,復興北路３６３號,5499,20070723,0,20070723,0,N
1101400703,Y測試特店,YN測試特店,基隆市中正區,復興北路３６３號,5499,20070723,0,20070723,0,N
1101400711,Y測試特店,YN測試特店,基隆市中正區,復興北路３６３號,5499,20070723,0,20070723,0,N
1101400724,Y測試特店,YN測試特店,基隆市中正區,復興北路３６３號,5499,20070723,0,20070723,0,N
1101400533,Y測試特店,YN測試特店,基隆市仁愛區,復興北路３６３號,5499,20070723,0,20070723,0,N
1101400758,Y測試特店,YN測試特店,基隆市中正區,復興北路３６３號,5499,20070723,0,20070723,0,N
1101400766,Y測試特店,YN測試特店,基隆市中正區,復興北路３６３號,5499,20070723,0,20070723,0,N
1101400773,Y測試特店,YN測試特店,基隆市中正區,復興北路３６３號,5499,20070723,0,20070723,0,N
1101400781,Y測試特店,YN測試特店,基隆市中山區,復興北路３６３號,5499,20070723,0,20070723,0,N
1101400799,Y測試特店,YN測試特店,基隆市中山區,復興北路３６３號,5499,20070723,0,20070723,0,N
1101400283,Y測試特店,YN測試特店,基隆市安樂區,復興北路３６３號,5499,20070723,0,20070723,0,N
1401403456,Y測試特店,YN測試特店,桃園市八德區,復興北路３６３號,5499,20071019,0,20071019,0,N
4201402676,Y測試特店,YN測試特店,台中市西屯區,復興北路３６３號,5499,20070724,0,20070724,0,N
4201402684,Y測試特店,YN測試特店,台中市西屯區,復興北路３６３號,5499,20070724,0,20070724,0,N
4201402692,Y測試特店,YN測試特店,台中市南屯區,復興北路３６３號,5499,20070724,0,20070724,0,N
4201402703,Y測試特店,YN測試特店,台中市南屯區,復興北路３６３號,5499,20070724,0,20070724,0,N
4201402710,Y測試特店,YN測試特店,台中市南屯區,復興北路３６３號,5499,20070724,0,20070724,0,N
4201402736,Y測試特店,YN測試特店,台中市南屯區,復興北路３６３號,5499,20070724,0,20070724,0,N
4201402021,Y測試特店,YN測試特店,台中市太平區,復興北路３６３號,5499,20070724,0,20070724,0,N
4201402039,Y測試特店,YN測試特店,台中市太平區,復興北路３６３號,5499,20070724,0,20070724,0,N
4201402047,Y測試特店,YN測試特店,台中市太平區,復興北路３６３號,5499,20070724,0,20070724,0,N
4201402076,Y測試特店,YN測試特店,台中市太平區,復興北路３６３號,5499,20070724,0,20070724,0,N
4201402084,Y測試特店,YN測試特店,台中市太平區,復興北路３６３號,5499,20070724,0,20070724,0,N
4201402092,Y測試特店,YN測試特店,台中市太平區,復興北路３６３號,5499,20070724,0,20070724,0,N
4201402107,Y測試特店,YN測試特店,台中市太平區,復興北路３６３號,5499,20070724,0,20070724,0,N
4201402131,Y測試特店,YN測試特店,台中市大里區,復興北路３６３號,5499,20070724,0,20070724,0,N
4201402160,Y測試特店,YN測試特店,台中市大里區,復興北路３６３號,5499,20070724,0,20070724,0,N
4201402186,Y測試特店,YN測試特店,台中市大里區,復興北路３６３號,5499,20070724,0,20070724,0,N
4201402193,Y測試特店,YN測試特店,台中市大里區,復興北路３６３號,5499,20070724,0,20070724,0,N
201401611,Y測試特店,YN測試特店,高雄市小港區,復興北路３６３號,5499,20070817,0,20070817,0,N
6301400661,Y測試特店,YN測試特店,高雄市林園區,復興北路３６３號,5499,20070817,0,20070817,0,N
1401403401,Y測試特店,YN測試特店,桃園市桃園區,復興北路３６３號,5499,20070817,0,20070817,0,N
1101400977,Y測試特店,YN測試特店,基隆市仁愛區,復興北路３６３號,5499,20070817,0,20070817,0,N
201401624,Y測試特店,YN測試特店,高雄市楠梓區,復興北路３６３號,5499,20070817,0,20070817,0,N
1101400546,Y測試特店,YN測試特店,基隆市仁愛區,復興北路３６３號,5499,20070723,0,20070723,0,N
101407034,Y測試特店,YN測試特店,台北市信義區,復興北路３６３號,5499,20070703,0,20070710,0,N
1101400554,Y測試特店,YN測試特店,基隆市仁愛區,復興北路３６３號,5499,20070723,0,20070723,0,N
1101400562,Y測試特店,YN測試特店,基隆市信義區,復興北路３６３號,5499,20070723,0,20070723,0,N
1101400306,Y測試特店,YN測試特店,基隆市暖暖區,復興北路３６３號,5499,20070723,0,20070723,0,N
1401402426,Y測試特店,YN測試特店,桃園市桃園區,復興北路３６３號,5499,20070723,0,20070723,0,N
1401402434,Y測試特店,YN測試特店,桃園市桃園區,復興北路３６３號,5499,20070723,0,20070723,0,N
1401402468,Y測試特店,YN測試特店,桃園市桃園區,復興北路３６３號,5499,20070723,0,20070723,0,N
1401402476,Y測試特店,YN測試特店,桃園市桃園區,復興北路３６３號,5499,20070723,0,20070723,0,N
4201402225,Y測試特店,YN測試特店,台中市大里區,復興北路３６３號,5499,20070723,0,20070723,0,N
4201402238,Y測試特店,YN測試特店,台中市霧峰區,復興北路３６３號,5499,20070723,0,20070723,0,N
4201402246,Y測試特店,YN測試特店,台中市霧峰區,復興北路３６３號,5499,20070723,0,20070723,0,N
4201402254,Y測試特店,YN測試特店,台中市烏日區,復興北路３６３號,5499,20070723,0,20070723,0,N
4201402279,Y測試特店,YN測試特店,台中市豐原區,復興北路３６３號,5499,20070723,0,20070723,0,N
4201402287,Y測試特店,YN測試特店,台中市后里區,復興北路３６３號,5499,20070723,0,20070723,0,N
4201402295,Y測試特店,YN測試特店,台中市潭子區,復興北路３６３號,5499,20070723,0,20070723,0,N
4201402301,Y測試特店,YN測試特店,台中市潭子區,復興北路３６３號,5499,20070723,0,20070723,0,N
4201402322,Y測試特店,YN測試特店,台中市大雅區,復興北路３６３號,5499,20070723,0,20070723,0,N
4201402339,Y測試特店,YN測試特店,台中市大雅區,復興北路３６３號,5499,20070723,0,20070723,0,N
1101400570,Y測試特店,YN測試特店,基隆市信義區,復興北路３６３號,5499,20070723,0,20070723,0,N
1101400588,Y測試特店,YN測試特店,基隆市信義區,復興北路３６３號,5499,20070723,0,20070723,0,N
1101400330,Y測試特店,YN測試特店,基隆市暖暖區,復興北路３６３號,5499,20070723,0,20070723,0,N
1101400348,Y測試特店,YN測試特店,基隆市暖暖區,復興北路３６３號,5499,20070723,0,20070723,0,N
1101400601,Y測試特店,YN測試特店,基隆市信義區,復興北路３６３號,5499,20070723,0,20070723,0,N
1101400883,Y測試特店,YN測試特店,基隆市安樂區,復興北路３６３號,5499,20070723,0,20070723,0,N
1101400859,Y測試特店,YN測試特店,基隆市中山區,復興北路３６３號,5499,20070723,0,20070723,0,N
1101400841,Y測試特店,YN測試特店,基隆市中山區,復興北路３６３號,5499,20070723,0,20070723,0,N
1101400818,Y測試特店,YN測試特店,基隆市中山區,復興北路３６３號,5499,20070723,0,20070723,0,N
1101400805,Y測試特店,YN測試特店,基隆市中山區,復興北路３６３號,5499,20070723,0,20070723,0,N
1101400369,Y測試特店,YN測試特店,基隆市七堵區,復興北路３６３號,5499,20070723,0,20070723,0,N
1101400385,Y測試特店,YN測試特店,基隆市七堵區,復興北路３６３號,5499,20070723,0,20070723,0,N
101418091,Y測試特店,YN測試特店,台北市中山區,復興北路３６３號,5499,20100408,0,20100408,0,N
101407240,Y測試特店,YN測試特店,台北市內湖區,復興北路３６３號,5499,20070710,0,20070710,0,N
101407258,Y測試特店,YN測試特店,台北市文山區,復興北路３６３號,5499,20070710,0,20070710,0,N
1401402507,Y測試特店,YN測試特店,桃園市龜山區,復興北路３６３號,5499,20070723,0,20070723,0,N
1401402210,Y測試特店,YN測試特店,桃園市觀音區,復興北路３６３號,5499,20070723,0,20070723,0,N
4401400684,Y測試特店,YN測試特店,彰化縣埔心鄉,復興北路３６３號,5499,20070723,0,20070723,0,N
4401400728,Y測試特店,YN測試特店,彰化縣北斗鎮,復興北路３６３號,5499,20070723,0,20070723,0,N
101407274,Y測試特店,YN測試特店,台北市文山區,復興北路３６３號,5499,20070710,0,20070710,0,N
101407282,Y測試特店,YN測試特店,台北市文山區,復興北路３６３號,5499,20070710,0,20070710,0,N
101407326,Y測試特店,YN測試特店,台北市文山區,復興北路３６３號,5499,20070710,0,20070710,0,N
4401400736,Y測試特店,YN測試特店,彰化縣田尾鄉,復興北路３６３號,5499,20070723,0,20070723,0,N
4201402971,Y測試特店,YN測試特店,台中市大甲區,復興北路３６３號,5499,20071016,0,20071016,0,N
1401403294,Y測試特店,YN測試特店,桃園市中壢區,復興北路３６３號,5499,20070723,0,20070723,0,N
4401400363,Y測試特店,YN測試特店,彰化縣彰化市,復興北路３６３號,5499,20070723,0,20070723,0,N
1401403309,Y測試特店,YN測試特店,桃園市中壢區,復興北路３６３號,5499,20070723,0,20070723,0,N
1401403320,Y測試特店,YN測試特店,桃園市中壢區,復興北路３６３號,5499,20070723,0,20070723,0,N
4401400676,Y測試特店,YN測試特店,彰化縣埔心鄉,復興北路３６３號,5499,20070723,0,20070723,0,N
1401403354,Y測試特店,YN測試特店,桃園市中壢區,復興北路３６３號,5499,20070723,0,20070723,0,N
4101400281,Y測試特店,YN測試特店,苗栗縣三灣鄉,復興北路３６３號,5499,20070723,0,20070723,0,N
4401400627,Y測試特店,YN測試特店,彰化縣社頭鄉,復興北路３６３號,5499,20070723,0,20070723,0,N
4401400635,Y測試特店,YN測試特店,彰化縣社頭鄉,復興北路３６３號,5499,20070723,0,20070723,0,N
4401400642,Y測試特店,YN測試特店,彰化縣永靖鄉,復興北路３６３號,5499,20070723,0,20070723,0,N
4401400650,Y測試特店,YN測試特店,彰化縣埔心鄉,復興北路３６３號,5499,20070723,0,20070723,0,N
4401400668,Y測試特店,YN測試特店,彰化縣埔心鄉,復興北路３６３號,5499,20070723,0,20070723,0,N
1401403362,Y測試特店,YN測試特店,桃園市中壢區,復興北路３６３號,5499,20070723,0,20070723,0,N
1401403370,Y測試特店,YN測試特店,桃園市中壢區,復興北路３６３號,5499,20070723,0,20070723,0,N
4401400692,Y測試特店,YN測試特店,彰化縣溪湖鎮,復興北路３６３號,5499,20070723,0,20070723,0,N
4201402347,Y測試特店,YN測試特店,台中市神岡區,復興北路３６３號,5499,20070723,0,20070723,0,N
4201402006,Y測試特店,YN測試特店,台中市龍井區,復興北路３６３號,5499,20070723,0,20070723,0,N
4401400402,Y測試特店,YN測試特店,彰化縣彰化市,復興北路３６３號,5499,20070723,0,20070723,0,N
4401400481,Y測試特店,YN測試特店,彰化縣彰化市,復興北路３６３號,5499,20070723,0,20070723,0,N
4401400517,Y測試特店,YN測試特店,彰化縣福興鄉,復興北路３６３號,5499,20070723,0,20070723,0,N
4401400541,Y測試特店,YN測試特店,彰化縣福興鄉,復興北路３６３號,5499,20070723,0,20070723,0,N
1301405613,Y測試特店,YN測試特店,新北市蘆洲區,復興北路３６３號,5499,20070710,0,20070710,0,N
1501401249,Y測試特店,YN測試特店,新竹縣新豐鄉,復興北路３６３號,5499,20070723,0,20070723,0,N
1501401231,Y測試特店,YN測試特店,新竹縣新豐鄉,復興北路３６３號,5499,20070723,0,20070723,0,N
1501401210,Y測試特店,YN測試特店,新竹縣新豐鄉,復興北路３６３號,5499,20070723,0,20070723,0,N
1501401202,Y測試特店,YN測試特店,新竹縣新豐鄉,復興北路３６３號,5499,20070723,0,20070723,0,N
1501401197,Y測試特店,YN測試特店,新竹縣湖口鄉,復興北路３６３號,5499,20070723,0,20070723,0,N
1501400929,Y測試特店,YN測試特店,新竹市,復興北路３６３號,5499,20070723,0,20070723,0,N
1501400836,Y測試特店,YN測試特店,新竹市,復興北路３６３號,5499,20070723,0,20070723,0,N
1501400937,Y測試特店,YN測試特店,新竹市,復興北路３６３號,5499,20070723,0,20070723,0,N
1501400843,Y測試特店,YN測試特店,新竹市,復興北路３６３號,5499,20070723,0,20070723,0,N
1501400945,Y測試特店,YN測試特店,新竹市,復興北路３６３號,5499,20070723,0,20070723,0,N
1501400953,Y測試特店,YN測試特店,新竹市,復興北路３６３號,5499,20070723,0,20070723,0,N
1301405586,Y測試特店,YN測試特店,新北市蘆洲區,復興北路３６３號,5499,20070710,0,20070710,0,N
1301404938,Y測試特店,YN測試特店,新北市永和區,復興北路３６３號,5499,20070710,0,20070710,0,N
1301405594,Y測試特店,YN測試特店,新北市蘆洲區,復興北路３６３號,5499,20070710,0,20070710,0,N
1301404946,Y測試特店,YN測試特店,新北市永和區,復興北路３６３號,5499,20070710,0,20070710,0,N
1301405545,Y測試特店,YN測試特店,新北市板橋區,復興北路３６３號,5499,20070710,0,20070710,0,N
101407773,Y測試特店,YN測試特店,台北市士林區,復興北路３６３號,5499,20070710,0,20070710,0,N
101407781,Y測試特店,YN測試特店,台北市士林區,復興北路３６３號,5499,20070710,0,20070710,0,N
101407089,Y測試特店,YN測試特店,台北市信義區,復興北路３６３號,5499,20070710,0,20070710,0,N
101407798,Y測試特店,YN測試特店,台北市士林區,復興北路３６３號,5499,20070710,0,20070710,0,N
101407018,Y測試特店,YN測試特店,台北市信義區,復興北路３６３號,5499,20070703,0,20070710,0,N
101407097,Y測試特店,YN測試特店,台北市信義區,復興北路３６３號,5499,20070710,0,20070710,0,N
101407410,Y測試特店,YN測試特店,台北市文山區,復興北路３６３號,5499,20070710,0,20070710,0,N
101407350,Y測試特店,YN測試特店,台北市文山區,復興北路３６３號,5499,20070710,0,20070710,0,N
101407047,Y測試特店,YN測試特店,台北市信義區,復興北路３６３號,5499,20070703,0,20070710,0,N
101407063,Y測試特店,YN測試特店,台北市信義區,復興北路３６３號,5499,20070703,0,20070710,0,N
101407757,Y測試特店,YN測試特店,台北市士林區,復興北路３６３號,5499,20070710,0,20070710,0,N
101407817,Y測試特店,YN測試特店,台北市士林區,復興北路３６３號,5499,20070710,0,20070710,0,N
1101400291,Y測試特店,YN測試特店,基隆市暖暖區,復興北路３６３號,5499,20070723,0,20070723,0,N
1101400891,Y測試特店,YN測試特店,基隆市安樂區,復興北路３６３號,5499,20070723,0,20070723,0,N
1101400826,Y測試特店,YN測試特店,基隆市中山區,復興北路３６３號,5499,20070723,0,20070723,0,N
1101400648,Y測試特店,YN測試特店,基隆市信義區,復興北路３６３號,5499,20070723,0,20070723,0,N
1101400732,Y測試特店,YN測試特店,基隆市中正區,復興北路３６３號,5499,20070723,0,20070723,0,N
6401400401,Y測試特店,YN測試特店,屏東縣屏東市,復興北路３６３號,5499,20070723,0,20070723,0,N
1301405621,Y測試特店,YN測試特店,新北市鶯歌區,復興北路３６３號,5499,20070710,0,20070710,0,N
1401402126,Y測試特店,YN測試特店,桃園市中壢區,復興北路３６３號,5499,20070723,0,20070723,0,N
1401402898,Y測試特店,YN測試特店,桃園市平鎮區,復興北路３６３號,5499,20070723,0,20070723,0,N
1401402909,Y測試特店,YN測試特店,桃園市平鎮區,復興北路３６３號,5499,20070723,0,20070723,0,N
1401403192,Y測試特店,YN測試特店,桃園市中壢區,復興北路３６３號,5499,20070723,0,20070723,0,N
1401403252,Y測試特店,YN測試特店,桃園市中壢區,復興北路３６３號,5499,20070723,0,20070723,0,N
1401403260,Y測試特店,YN測試特店,桃園市中壢區,復興北路３６３號,5499,20070723,0,20070723,0,N
4401400355,Y測試特店,YN測試特店,彰化縣彰化市,復興北路３６３號,5499,20070723,0,20070723,0,N
1401403286,Y測試特店,YN測試特店,桃園市中壢區,復興北路３６３號,4722,20070723,0,20070723,0,N
4401400574,Y測試特店,YN測試特店,彰化縣員林市,復興北路３６３號,5499,20070723,0,20070723,0,N
1401402552,Y測試特店,YN測試特店,桃園市龜山區,復興北路３６３號,5499,20070723,0,20070723,0,N
4401400582,Y測試特店,YN測試特店,彰化縣員林市,復興北路３６３號,5499,20070723,0,20070723,0,N
1101400392,Y測試特店,YN測試特店,基隆市七堵區,復興北路３６３號,5499,20070723,0,20070723,0,N
1101400408,Y測試特店,YN測試特店,基隆市七堵區,復興北路３６３號,5499,20070723,0,20070723,0,N
1501401163,Y測試特店,YN測試特店,新竹縣湖口鄉,復興北路３６３號,5499,20070723,0,20070723,0,N
1501401155,Y測試特店,YN測試特店,新竹縣湖口鄉,復興北路３６３號,5499,20070723,0,20070723,0,N
1101400951,Y測試特店,YN測試特店,基隆市安樂區,復興北路３６３號,5499,20070723,0,20070723,0,N
1101400943,Y測試特店,YN測試特店,基隆市安樂區,復興北路３６３號,5499,20070723,0,20070723,0,N
1101400927,Y測試特店,YN測試特店,基隆市安樂區,復興北路３６３號,5499,20070723,0,20070723,0,N
1401402789,Y測試特店,YN測試特店,桃園市中壢區,復興北路３６３號,5499,20070723,0,20070723,0,N
1401402797,Y測試特店,YN測試特店,桃園市中壢區,復興北路３６３號,5499,20070723,0,20070723,0,N
1401402815,Y測試特店,YN測試特店,桃園市中壢區,復興北路３６３號,5499,20070723,0,20070723,0,N
1301406558,Y測試特店,YN測試特店,新北市中和區,復興北路３６３號,5499,20070710,0,20070710,0,N
1301405211,Y測試特店,YN測試特店,新北市汐止區,復興北路３６３號,5499,20070710,0,20070710,0,N
101408238,Y測試特店,YN測試特店,台北市內湖區,復興北路３６３號,5499,20070710,0,20070710,0,N
1301406566,Y測試特店,YN測試特店,新北市中和區,復興北路３６３號,5499,20070710,0,20070710,0,N
1301405654,Y測試特店,YN測試特店,新北市鶯歌區,復興北路３６３號,5499,20070710,0,20070710,0,N
1301405662,Y測試特店,YN測試特店,新北市鶯歌區,復興北路３６３號,5499,20070710,0,20070710,0,N
1301405670,Y測試特店,YN測試特店,新北市鶯歌區,復興北路３６３號,5499,20070710,0,20070710,0,N
1301405696,Y測試特店,YN測試特店,新北市鶯歌區,復興北路３６３號,5499,20070710,0,20070710,0,N
1301404983,Y測試特店,YN測試特店,新北市汐止區,復興北路３６３號,5499,20070710,0,20070710,0,N
1301405018,Y測試特店,YN測試特店,新北市汐止區,復興北路３６３號,5499,20070710,0,20070710,0,N
1301405026,Y測試特店,YN測試特店,新北市汐止區,復興北路３６３號,5499,20070710,0,20070710,0,N
1301405046,Y測試特店,YN測試特店,新北市汐止區,復興北路３６３號,5499,20070710,0,20070710,0,N
1301405054,Y測試特店,YN測試特店,新北市汐止區,復興北路３６３號,5499,20070710,0,20070710,0,N
1301406021,Y測試特店,YN測試特店,新北市深坑區,復興北路３６３號,5499,20070710,0,20070710,0,N
1301406042,Y測試特店,YN測試特店,新北市新店區,復興北路３６３號,5499,20070710,0,20070710,0,N
1301406050,Y測試特店,YN測試特店,新北市新店區,復興北路３６３號,5499,20070710,0,20070710,0,N
1301406068,Y測試特店,YN測試特店,新北市新店區,復興北路３６３號,5499,20070710,0,20070710,0,N
1301406076,Y測試特店,YN測試特店,新北市新店區,復興北路３６３號,5499,20070710,0,20070710,0,N
1301406136,Y測試特店,YN測試特店,新北市新店區,復興北路３６３號,5499,20070710,0,20070710,0,N
1301406169,Y測試特店,YN測試特店,新北市新店區,復興北路３６３號,5499,20070710,0,20070710,0,N
1301406177,Y測試特店,YN測試特店,新北市新店區,復興北路３６３號,5499,20070710,0,20070710,0,N
1301406237,Y測試特店,YN測試特店,新北市新店區,復興北路３６３號,5499,20070710,0,20070710,0,N
1301406253,Y測試特店,YN測試特店,新北市新店區,復興北路３６３號,5499,20070710,0,20070710,0,N
1301406279,Y測試特店,YN測試特店,新北市新店區,復興北路３６３號,5499,20070710,0,20070710,0,N
1301406321,Y測試特店,YN測試特店,新北市新店區,復興北路３６３號,5499,20070710,0,20070710,0,N
1301406347,Y測試特店,YN測試特店,新北市新莊區,復興北路３６３號,5499,20070710,0,20070710,0,N
1301406371,Y測試特店,YN測試特店,新北市新莊區,復興北路３６３號,5499,20070710,0,20070710,0,N
1301406396,Y測試特店,YN測試特店,新北市新莊區,復興北路３６３號,5499,20070710,0,20070710,0,N
1401402492,Y測試特店,YN測試特店,桃園市龜山區,復興北路３６３號,5499,20070723,0,20070723,0,N
1401402118,Y測試特店,YN測試特店,桃園市蘆竹區,復興北路３６３號,5499,20070723,0,20070723,0,N
1401402134,Y測試特店,YN測試特店,桃園市蘆竹區,復興北路３６３號,5499,20070723,0,20070723,0,N
4101400203,Y測試特店,YN測試特店,苗栗縣竹南鎮,復興北路３６３號,5499,20070723,0,20070723,0,N
1301405232,Y測試特店,YN測試特店,新北市汐止區,復興北路３６３號,5499,20070710,0,20070710,0,N
1301405258,Y測試特店,YN測試特店,新北市汐止區,復興北路３６３號,5499,20070710,0,20070710,0,N
1301405101,Y測試特店,YN測試特店,新北市新莊區,復興北路３６３號,5499,20070710,0,20070710,0,N
1301405996,Y測試特店,YN測試特店,新北市淡水區,復興北路３６３號,5499,20070710,0,20070710,0,N
1301406005,Y測試特店,YN測試特店,新北市深坑區,復興北路３６３號,5499,20070710,0,20070710,0,N
1301405402,Y測試特店,YN測試特店,新北市瑞芳區,復興北路３６３號,5499,20070710,0,20070710,0,N
4401400619,Y測試特店,YN測試特店,彰化縣社頭鄉,復興北路３６３號,5499,20070723,0,20070723,0,N
4101400228,Y測試特店,YN測試特店,苗栗縣竹南鎮,復興北路３６３號,5499,20070723,0,20070723,0,N
4101400236,Y測試特店,YN測試特店,苗栗縣竹南鎮,復興北路３６３號,5499,20070723,0,20070723,0,N
4101400265,Y測試特店,YN測試特店,苗栗縣頭份市,復興北路３６３號,5499,20070723,0,20070723,0,N
1401402528,Y測試特店,YN測試特店,桃園市龜山區,復興北路３６３號,5499,20070723,0,20070723,0,N
4401400567,Y測試特店,YN測試特店,彰化縣和美鎮,復興北路３６３號,5499,20070723,0,20070723,0,N
4401400590,Y測試特店,YN測試特店,彰化縣員林市,復興北路３６３號,5499,20070723,0,20070723,0,N
1301404837,Y測試特店,YN測試特店,新北市中和區,復興北路３６３號,5499,20070710,0,20070710,0,N
1301406582,Y測試特店,YN測試特店,新北市汐止區,復興北路３６３號,5499,20070905,0,20070905,0,N
1501401147,Y測試特店,YN測試特店,新竹縣湖口鄉,復興北路３６３號,5499,20070723,0,20070723,0,N
1101400935,Y測試特店,YN測試特店,基隆市安樂區,復興北路３６３號,5499,20070723,0,20070723,0,N
1501400828,Y測試特店,YN測試特店,新竹市,復興北路３６３號,5499,20070723,0,20070723,0,N
1501400911,Y測試特店,YN測試特店,新竹市,復興北路３６３號,5499,20070723,0,20070723,0,N
6401400414,Y測試特店,YN測試特店,屏東縣屏東市,復興北路３６３號,5499,20070723,0,20070723,0,N
4301400266,Y測試特店,YN測試特店,南投縣國姓鄉,復興北路３６３號,5499,20070723,0,20070723,0,N
4101401532,Y測試特店,YN測試特店,苗栗縣頭份市,復興北路３６３號,5499,20080822,0,20080822,0,N
1501400869,Y測試特店,YN測試特店,新竹市,復興北路３６３號,5499,20070723,0,20070723,0,N
1501401298,Y測試特店,YN測試特店,新竹縣新埔鎮,復興北路３６３號,5499,20070723,0,20070723,0,N
1501401325,Y測試特店,YN測試特店,新竹縣關西鎮,復興北路３６３號,5499,20070723,0,20070723,0,N
1501401413,Y測試特店,YN測試特店,新竹縣竹東鎮,復興北路３６３號,5499,20070723,0,20070723,0,N
1401402974,Y測試特店,YN測試特店,桃園市平鎮區,復興北路３６３號,5499,20070723,0,20070723,0,N
1501401382,Y測試特店,YN測試特店,新竹縣竹東鎮,復興北路３６３號,5499,20070723,0,20070723,0,N
1501401087,Y測試特店,YN測試特店,新竹縣竹北市,復興北路３６３號,5499,20070723,0,20070723,0,N
1401403082,Y測試特店,YN測試特店,桃園市龍潭區,復興北路３６３號,5499,20070723,0,20070723,0,N
201401222,Y測試特店,YN測試特店,高雄市前金區,復興北路３６３號,5499,20070724,0,20070724,0,N
201401230,Y測試特店,YN測試特店,高雄市苓雅區,復興北路３６３號,5499,20070724,0,20070724,0,N
4201402760,Y測試特店,YN測試特店,台中市中區,復興北路３６３號,5499,20070724,0,20070724,0,N
201401248,Y測試特店,YN測試特店,高雄市苓雅區,復興北路３６３號,5499,20070724,0,20070724,0,N
201401251,Y測試特店,YN測試特店,高雄市苓雅區,復興北路３６３號,5499,20070724,0,20070724,0,N
201401269,Y測試特店,YN測試特店,高雄市苓雅區,復興北路３６３號,5499,20070724,0,20070724,0,N
201401285,Y測試特店,YN測試特店,高雄市鼓山區,復興北路３６３號,5499,20070724,0,20070724,0,N
201401292,Y測試特店,YN測試特店,高雄市鼓山區,復興北路３６３號,5499,20070724,0,20070724,0,N
201401308,Y測試特店,YN測試特店,高雄市鼓山區,復興北路３６３號,5499,20070724,0,20070724,0,N
4501400343,Y測試特店,YN測試特店,雲林縣虎尾鎮,復興北路３６３號,5499,20070814,0,20070814,0,N
4201402804,Y測試特店,YN測試特店,台中市東區,復興北路３６３號,5499,20070724,0,20070724,0,N
4101400390,Y測試特店,YN測試特店,苗栗縣三義鄉,復興北路３６３號,5499,20070724,0,20070724,0,N
4201402050,Y測試特店,YN測試特店,台中市太平區,復興北路３６３號,5499,20070724,0,20070724,0,N
101407110,Y測試特店,YN測試特店,台北市信義區,復興北路３６３號,5499,20070710,0,20070710,0,N
101407833,Y測試特店,YN測試特店,台北市士林區,復興北路３６３號,5499,20070710,0,20070710,0,N
101407128,Y測試特店,YN測試特店,台北市信義區,復興北路３６３號,5499,20070710,0,20070710,0,N
101407866,Y測試特店,YN測試特店,台北市士林區,復興北路３６３號,5499,20070710,0,20070710,0,N
101407882,Y測試特店,YN測試特店,台北市士林區,復興北路３６３號,5499,20070710,0,20070710,0,N
101407131,Y測試特店,YN測試特店,台北市南港區,復興北路３６３號,5499,20070710,0,20070710,0,N
101407452,Y測試特店,YN測試特店,台北市北投區,復興北路３６３號,5499,20070710,0,20070710,0,N
101407485,Y測試特店,YN測試特店,台北市北投區,復興北路３６３號,5499,20070710,0,20070710,0,N
101407149,Y測試特店,YN測試特店,台北市南港區,復興北路３６３號,4722,20070710,0,20070710,0,N
101407927,Y測試特店,YN測試特店,台北市大同區,復興北路３６３號,5499,20070710,0,20070710,0,N
101407157,Y測試特店,YN測試特店,台北市南港區,復興北路３６３號,5499,20070710,0,20070710,0,N
101407942,Y測試特店,YN測試特店,台北市大同區,復興北路３６３號,5499,20070710,0,20070710,0,N
101407950,Y測試特店,YN測試特店,台北市大同區,復興北路３６３號,5499,20070710,0,20070710,0,N
101407621,Y測試特店,YN測試特店,台北市松山區,復興北路３６３號,5499,20070710,0,20070710,0,N
101407606,Y測試特店,YN測試特店,台北市松山區,復興北路３６３號,5499,20070710,0,20070710,0,N
101407595,Y測試特店,YN測試特店,台北市北投區,復興北路３６３號,5499,20070710,0,20070710,0,N
4101400299,Y測試特店,YN測試特店,苗栗縣南庄鄉,復興北路３６３號,5499,20070724,0,20070724,0,N
4101400304,Y測試特店,YN測試特店,苗栗縣苗栗市,復興北路３６３號,5499,20070724,0,20070724,0,N
4201402870,Y測試特店,YN測試特店,台中市西區,復興北路３６３號,5499,20070724,0,20070724,0,N
4101400312,Y測試特店,YN測試特店,苗栗縣苗栗市,復興北路３６３號,5499,20070724,0,20070724,0,N
4201402862,Y測試特店,YN測試特店,台中市西區,復興北路３６３號,5499,20070724,0,20070724,0,N
4201402854,Y測試特店,YN測試特店,台中市西區,復興北路３６３號,5499,20070724,0,20070724,0,N
4101400338,Y測試特店,YN測試特店,苗栗縣苗栗市,復興北路３６３號,5499,20070724,0,20070724,0,N
4201402846,Y測試特店,YN測試特店,台中市南區,復興北路３６３號,5499,20070724,0,20070724,0,N
4101400341,Y測試特店,YN測試特店,苗栗縣苗栗市,復興北路３６３號,5499,20070724,0,20070724,0,N
4201402838,Y測試特店,YN測試特店,台中市南區,復興北路３６３號,5499,20070724,0,20070724,0,N
4101400359,Y測試特店,YN測試特店,苗栗縣苗栗市,復興北路３６３號,5499,20070724,0,20070724,0,N
4101400367,Y測試特店,YN測試特店,苗栗縣造橋鄉,復興北路３６３號,5499,20070724,0,20070724,0,N
4201402812,Y測試特店,YN測試特店,台中市東區,復興北路３６３號,5499,20070724,0,20070724,0,N
4101400375,Y測試特店,YN測試特店,苗栗縣造橋鄉,復興北路３６３號,5499,20070724,0,20070724,0,N
4101400382,Y測試特店,YN測試特店,苗栗縣銅鑼鄉,復興北路３６３號,5499,20070724,0,20070724,0,N
4201402794,Y測試特店,YN測試特店,台中市東區,復興北路３６３號,5499,20070724,0,20070724,0,N
4501400275,Y測試特店,YN測試特店,雲林縣林內鄉,復興北路３６３號,5499,20070724,0,20070724,0,N
4201402559,Y測試特店,YN測試特店,台中市北屯區,復興北路３６３號,5499,20070724,0,20070724,0,N
4201402567,Y測試特店,YN測試特店,台中市北屯區,復興北路３６３號,5499,20070724,0,20070724,0,N
4201402574,Y測試特店,YN測試特店,台中市北屯區,復興北路３６３號,5499,20070724,0,20070724,0,N
4201402601,Y測試特店,YN測試特店,台中市西屯區,復興北路３６３號,5499,20070724,0,20070724,0,N
4201402619,Y測試特店,YN測試特店,台中市西屯區,復興北路３６３號,5499,20070724,0,20070724,0,N
4201402627,Y測試特店,YN測試特店,台中市西屯區,復興北路３６３號,5499,20070724,0,20070724,0,N
4201402642,Y測試特店,YN測試特店,台中市西屯區,復興北路３６３號,5499,20070724,0,20070724,0,N
4201402668,Y測試特店,YN測試特店,台中市西屯區,復興北路３６３號,5499,20070724,0,20070724,0,N
201401316,Y測試特店,YN測試特店,高雄市鼓山區,復興北路３６３號,5499,20070724,0,20070724,0,N
201401324,Y測試特店,YN測試特店,高雄市鼓山區,復興北路３６３號,5499,20070724,0,20070724,0,N
201401332,Y測試特店,YN測試特店,高雄市鼓山區,復興北路３６３號,5499,20070724,0,20070724,0,N
4201402389,Y測試特店,YN測試特店,台中市北區,復興北路３６３號,5499,20070724,0,20070724,0,N
4201402397,Y測試特店,YN測試特店,台中市北區,復興北路３６３號,5499,20070724,0,20070724,0,N
4201402402,Y測試特店,YN測試特店,台中市北區,復興北路３６３號,5499,20070724,0,20070724,0,N
4201402410,Y測試特店,YN測試特店,台中市北區,復興北路３６３號,5499,20070724,0,20070724,0,N
4201402423,Y測試特店,YN測試特店,台中市北區,復興北路３６３號,5499,20070724,0,20070724,0,N
4201402431,Y測試特店,YN測試特店,台中市北區,復興北路３６３號,5499,20070724,0,20070724,0,N
4201402457,Y測試特店,YN測試特店,台中市北區,復興北路３６３號,5499,20070724,0,20070724,0,N
4201402465,Y測試特店,YN測試特店,台中市北區,復興北路３６３號,5499,20070724,0,20070724,0,N
1401409767,Y測試特店,YN測試特店,桃園市楊梅區,復興北路３６３號,5499,20090522,0,20090522,0,N
1401403004,Y測試特店,YN測試特店,桃園市平鎮區,復興北路３６３號,5499,20070723,0,20070723,0,N
1401403020,Y測試特店,YN測試特店,桃園市平鎮區,復興北路３６３號,5499,20070723,0,20070723,0,N
1401403038,Y測試特店,YN測試特店,桃園市平鎮區,復興北路３６３號,5499,20070723,0,20070723,0,N
1401403059,Y測試特店,YN測試特店,桃園市龍潭區,復興北路３６３號,5499,20070723,0,20070723,0,N
1401403067,Y測試特店,YN測試特店,桃園市龍潭區,復興北路３６３號,5499,20070723,0,20070723,0,N
1501401095,Y測試特店,YN測試特店,新竹縣湖口鄉,復興北路３６３號,5499,20070723,0,20070723,0,N
101407809,Y測試特店,YN測試特店,台北市士林區,復興北路３６３號,5499,20070710,0,20070710,0,N
101407407,Y測試特店,YN測試特店,台北市文山區,復興北路３６３號,5499,20070710,0,20070710,0,N
101407376,Y測試特店,YN測試特店,台北市文山區,復興北路３６３號,5499,20070710,0,20070710,0,N
101407538,Y測試特店,YN測試特店,台北市北投區,復興北路３６３號,5499,20070710,0,20070710,0,N
101407520,Y測試特店,YN測試特店,台北市北投區,復興北路３６３號,5499,20070710,0,20070710,0,N
101407639,Y測試特店,YN測試特店,台北市松山區,復興北路３６３號,5499,20070710,0,20070710,0,N
101407587,Y測試特店,YN測試特店,台北市北投區,復興北路３６３號,5499,20070710,0,20070710,0,N
101407989,Y測試特店,YN測試特店,台北市大同區,復興北路３６３號,5499,20070710,0,20070710,0,N
101407697,Y測試特店,YN測試特店,台北市松山區,復興北路３６３號,5499,20070710,0,20070710,0,N
101407707,Y測試特店,YN測試特店,台北市信義區,復興北路３６３號,5499,20070710,0,20070710,0,N
101407731,Y測試特店,YN測試特店,台北市信義區,復興北路３６３號,5499,20070710,0,20070710,0,N
101407749,Y測試特店,YN測試特店,台北市信義區,復興北路３６３號,5499,20070710,0,20070710,0,N
101407997,Y測試特店,YN測試特店,台北市大同區,復興北路３６３號,5499,20070710,0,20070710,0,N
101407198,Y測試特店,YN測試特店,台北市萬華區,復興北路３６３號,5499,20070710,0,20070710,0,N
101408288,Y測試特店,YN測試特店,台北市大安區,復興北路３６３號,5499,20070710,0,20070710,0,N
101407233,Y測試特店,YN測試特店,台北市萬華區,復興北路３６３號,5499,20070710,0,20070710,0,N
1301406091,Y測試特店,YN測試特店,新北市三芝區,復興北路３６３號,5499,20070710,0,20070710,0,N
1301406107,Y測試特店,YN測試特店,新北市三芝區,復興北路３６３號,5499,20070710,0,20070710,0,N
1301406115,Y測試特店,YN測試特店,新北市三重區,復興北路３６３號,5499,20070710,0,20070710,0,N
101407655,Y測試特店,YN測試特店,台北市松山區,復興北路３６３號,5499,20070710,0,20070710,0,N
101407384,Y測試特店,YN測試特店,台北市文山區,復興北路３６３號,5499,20070710,0,20070710,0,N
101407342,Y測試特店,YN測試特店,台北市文山區,復興北路３６３號,5499,20070710,0,20070710,0,N
101407493,Y測試特店,YN測試特店,台北市北投區,復興北路３６３號,5499,20070710,0,20070710,0,N
101407546,Y測試特店,YN測試特店,台北市北投區,復興北路３６３號,5499,20070710,0,20070710,0,N
1301405942,Y測試特店,YN測試特店,新北市淡水區,復興北路３６３號,5499,20070710,0,20070710,0,N
1401402578,Y測試特店,YN測試特店,桃園市龜山區,復興北路３６３號,5499,20070723,0,20070723,0,N
1401402593,Y測試特店,YN測試特店,桃園市八德區,復興北路３６３號,5499,20070723,0,20070723,0,N
201401345,Y測試特店,YN測試特店,高雄市前鎮區,復興北路３６３號,5499,20070723,0,20070723,0,N
1401402612,Y測試特店,YN測試特店,桃園市八德區,復興北路３６３號,5499,20070723,0,20070723,0,N
201401353,Y測試特店,YN測試特店,高雄市前鎮區,復興北路３６３號,5499,20070723,0,20070723,0,N
101407579,Y測試特店,YN測試特店,台北市北投區,復興北路３６３號,5499,20070710,0,20070710,0,N
101407553,Y測試特店,YN測試特店,台北市北投區,復興北路３６３號,5499,20070710,0,20070710,0,N
6301400552,Y測試特店,YN測試特店,高雄市鳳山區,復興北路３６３號,5499,20070723,0,20070723,0,N
6301400560,Y測試特店,YN測試特店,高雄市鳳山區,復興北路３６３號,5499,20070723,0,20070723,0,N
201401433,Y測試特店,YN測試特店,高雄市三民區,復興北路３６３號,5499,20070723,0,20070723,0,N
201401454,Y測試特店,YN測試特店,高雄市三民區,復興北路３６３號,5499,20070723,0,20070723,0,N
6301400578,Y測試特店,YN測試特店,高雄市鳳山區,復興北路３６３號,5499,20070723,0,20070723,0,N
201401462,Y測試特店,YN測試特店,高雄市三民區,復興北路３６３號,5499,20070723,0,20070723,0,N
6301400585,Y測試特店,YN測試特店,高雄市鳳山區,復興北路３６３號,5499,20070723,0,20070723,0,N
201401470,Y測試特店,YN測試特店,高雄市三民區,復興北路３６３號,5499,20070723,0,20070723,0,N
6301400593,Y測試特店,YN測試特店,高雄市鳳山區,復興北路３６３號,5499,20070723,0,20070723,0,N
1501400877,Y測試特店,YN測試特店,新竹市,復興北路３６３號,5499,20070723,0,20070723,0,N
1501400979,Y測試特店,YN測試特店,新竹市,復興北路３６３號,5499,20070723,0,20070723,0,N
1101400875,Y測試特店,YN測試特店,基隆市安樂區,復興北路３６３號,5499,20070723,0,20070723,0,N
1501400987,Y測試特店,YN測試特店,新竹市,復興北路３６３號,5499,20070723,0,20070723,0,N
1501400990,Y測試特店,YN測試特店,新竹市,復興北路３６３號,5499,20070723,0,20070723,0,N
1501401228,Y測試特店,YN測試特店,新竹縣新豐鄉,復興北路３６３號,5499,20070723,0,20070723,0,N
1501401304,Y測試特店,YN測試特店,新竹縣新埔鎮,復興北路３６３號,5499,20070723,0,20070723,0,N
1501401312,Y測試特店,YN測試特店,新竹縣新埔鎮,復興北路３６３號,5499,20070723,0,20070723,0,N
1501401340,Y測試特店,YN測試特店,新竹縣關西鎮,復興北路３６３號,5499,20070723,0,20070723,0,N
1501401009,Y測試特店,YN測試特店,新竹縣竹北市,復興北路３６３號,5499,20070723,0,20070723,0,N
1501401406,Y測試特店,YN測試特店,新竹縣竹東鎮,復興北路３６３號,5499,20070723,0,20070723,0,N
4201402728,Y測試特店,YN測試特店,台中市中區,復興北路３６３號,5499,20070724,0,20070724,0,N
4501400314,Y測試特店,YN測試特店,雲林縣四湖鄉,復興北路３６３號,5499,20070724,0,20070724,0,N
4201402473,Y測試特店,YN測試特店,台中市北屯區,復興北路３６３號,5499,20070724,0,20070724,0,N
4201402481,Y測試特店,YN測試特店,台中市北屯區,復興北路３６３號,5499,20070724,0,20070724,0,N
4201402504,Y測試特店,YN測試特店,台中市北屯區,復興北路３６３號,5499,20070724,0,20070724,0,N
4201402517,Y測試特店,YN測試特店,台中市北屯區,復興北路３６３號,5499,20070724,0,20070724,0,N
4201402525,Y測試特店,YN測試特店,台中市北屯區,復興北路３６３號,5499,20070724,0,20070724,0,N
4201402533,Y測試特店,YN測試特店,台中市北屯區,復興北路３６３號,5499,20070724,0,20070724,0,N
4201402541,Y測試特店,YN測試特店,台中市北屯區,復興北路３６３號,5499,20070724,0,20070724,0,N
4201402914,Y測試特店,YN測試特店,台中市西區,復興北路３６３號,5499,20070814,0,20070813,0,N
1301405427,Y測試特店,YN測試特店,新北市萬里區,復興北路３６３號,5499,20070710,0,20070710,0,N
1301404852,Y測試特店,YN測試特店,新北市中和區,復興北路３６３號,5499,20070710,0,20070710,0,N
1301405367,Y測試特店,YN測試特店,新北市板橋區,復興北路３６３號,5499,20070710,0,20070710,0,N
1301405451,Y測試特店,YN測試特店,新北市樹林區,復興北路３６３號,5499,20070710,0,20070710,0,N
1301405383,Y測試特店,YN測試特店,新北市板橋區,復興北路３６３號,5499,20070710,0,20070710,0,N
1301405477,Y測試特店,YN測試特店,新北市樹林區,復興北路３６３號,5499,20070710,0,20070710,0,N
1301405419,Y測試特店,YN測試特店,新北市板橋區,復興北路３６３號,5499,20070710,0,20070710,0,N
1301405511,Y測試特店,YN測試特店,新北市樹林區,復興北路３６３號,5499,20070710,0,20070710,0,N
1301405435,Y測試特店,YN測試特店,新北市板橋區,復興北路３６３號,5499,20070710,0,20070710,0,N
1301405537,Y測試特店,YN測試特店,新北市樹林區,復興北路３６３號,5499,20070710,0,20070710,0,N
1301404899,Y測試特店,YN測試特店,新北市中和區,復興北路３６３號,5499,20070710,0,20070710,0,N
1301405553,Y測試特店,YN測試特店,新北市樹林區,復興北路３６３號,5499,20070710,0,20070710,0,N
1301405561,Y測試特店,YN測試特店,新北市樹林區,復興北路３６３號,5499,20070710,0,20070710,0,N
1301406151,Y測試特店,YN測試特店,新北市三重區,復興北路３６３號,5499,20070710,0,20070710,0,N
1401409255,Y測試特店,YN測試特店,桃園市蘆竹區,復興北路３６３號,5499,20081016,0,20081016,0,N
201401360,Y測試特店,YN測試特店,高雄市前鎮區,復興北路３６３號,5499,20070723,0,20070723,0,N
1401402638,Y測試特店,YN測試特店,桃園市八德區,復興北路３６３號,5499,20070723,0,20070723,0,N
201401378,Y測試特店,YN測試特店,高雄市三民區,復興北路３６３號,5499,20070723,0,20070723,0,N
6301400484,Y測試特店,YN測試特店,高雄市旗山區,復興北路３６３號,5499,20070723,0,20070723,0,N
201401386,Y測試特店,YN測試特店,高雄市三民區,復興北路３６３號,5499,20070723,0,20070723,0,N
1501401032,Y測試特店,YN測試特店,新竹縣竹北市,復興北路３６３號,5499,20070723,0,20070723,0,N
1501401040,Y測試特店,YN測試特店,新竹縣竹北市,復興北路３６３號,5499,20070723,0,20070723,0,N
1501401053,Y測試特店,YN測試特店,新竹縣竹北市,復興北路３６３號,5499,20070723,0,20070723,0,N
1401402966,Y測試特店,YN測試特店,桃園市平鎮區,復興北路３６３號,5499,20070723,0,20070723,0,N
1301406193,Y測試特店,YN測試特店,新北市三重區,復興北路３６３號,5499,20070710,0,20070710,0,N
101408084,Y測試特店,YN測試特店,台北市中山區,復興北路３６３號,5499,20070710,0,20070710,0,N
101408092,Y測試特店,YN測試特店,台北市中山區,復興北路３６３號,5499,20070710,0,20070710,0,N
1301406287,Y測試特店,YN測試特店,新北市三重區,復興北路３６３號,5499,20070710,0,20070710,0,N
101408108,Y測試特店,YN測試特店,台北市中山區,復興北路３６３號,5499,20070710,0,20070710,0,N
101408116,Y測試特店,YN測試特店,台北市中山區,復興北路３６３號,5499,20070710,0,20070710,0,N
1301406339,Y測試特店,YN測試特店,新北市三峽區,復興北路３６３號,5499,20070710,0,20070710,0,N
1301406363,Y測試特店,YN測試特店,新北市三峽區,復興北路３６３號,5499,20070710,0,20070710,0,N
1301405062,Y測試特店,YN測試特店,新北市汐止區,復興北路３６３號,5499,20070710,0,20070710,0,N
201401394,Y測試特店,YN測試特店,高雄市三民區,復興北路３６３號,5499,20070723,0,20070723,0,N
6301400510,Y測試特店,YN測試特店,高雄市橋頭區,復興北路３６３號,5499,20070723,0,20070723,0,N
6301400528,Y測試特店,YN測試特店,高雄市鳳山區,復興北路３６３號,5499,20070723,0,20070723,0,N
201401418,Y測試特店,YN測試特店,高雄市三民區,復興北路３６３號,5499,20070723,0,20070723,0,N
101420601,Y測試特店,YN測試特店,台北市內湖區,復興北路３６３號,5499,20111006,0,20111006,0,N
1401402959,Y測試特店,YN測試特店,桃園市平鎮區,復興北路３６３號,5499,20070723,0,20070723,0,N
1401402941,Y測試特店,YN測試特店,桃園市平鎮區,復興北路３６３號,5499,20070723,0,20070723,0,N
1401402933,Y測試特店,YN測試特店,桃園市平鎮區,復興北路３６３號,5499,20070723,0,20070723,0,N
1501401390,Y測試特店,YN測試特店,新竹縣竹東鎮,復興北路３６３號,5499,20070723,0,20070723,0,N
1501401374,Y測試特店,YN測試特店,新竹縣竹東鎮,復興北路３６３號,5499,20070723,0,20070723,0,N
1501401366,Y測試特店,YN測試特店,新竹縣芎林鄉,復興北路３６３號,5499,20070723,0,20070723,0,N
1501401061,Y測試特店,YN測試特店,新竹縣竹北市,復興北路３６３號,5499,20070723,0,20070723,0,N
1501401079,Y測試特店,YN測試特店,新竹縣竹北市,復興北路３６３號,5499,20070723,0,20070723,0,N
1401402982,Y測試特店,YN測試特店,桃園市平鎮區,復興北路３６３號,5499,20070723,0,20070723,0,N
6401400430,Y測試特店,YN測試特店,屏東縣屏東市,復興北路３６３號,5499,20070723,0,20070723,0,N
1401402823,Y測試特店,YN測試特店,桃園市中壢區,復興北路３６３號,5499,20070723,0,20070723,0,N
1401402831,Y測試特店,YN測試特店,桃園市中壢區,復興北路３６３號,5499,20070723,0,20070723,0,N
1301405756,Y測試特店,YN測試特店,新北市板橋區,復興北路３６３號,5499,20070710,0,20070710,0,N
1301405772,Y測試特店,YN測試特店,新北市板橋區,復興北路３６３號,5499,20070710,0,20070710,0,N
1301405793,Y測試特店,YN測試特店,新北市板橋區,復興北路３６３號,5499,20070710,0,20070710,0,N
1301405808,Y測試特店,YN測試特店,新北市板橋區,復興北路３６３號,5499,20070710,0,20070710,0,N
1301405816,Y測試特店,YN測試特店,新北市金山區,復興北路３６３號,5499,20070710,0,20070710,0,N
101408152,Y測試特店,YN測試特店,台北市中正區,復興北路３６３號,5499,20070710,0,20070710,0,N
1301405070,Y測試特店,YN測試特店,新北市汐止區,復興北路３６３號,5499,20070710,0,20070710,0,N
1301406423,Y測試特店,YN測試特店,新北市土城區,復興北路３６３號,5499,20070710,0,20070710,0,N
101408160,Y測試特店,YN測試特店,台北市中正區,復興北路３６３號,5499,20070710,0,20070710,0,N
1301406457,Y測試特店,YN測試特店,新北市土城區,復興北路３６３號,5499,20070710,0,20070710,0,N
1301406464,Y測試特店,YN測試特店,新北市土城區,復興北路３６３號,5499,20070710,0,20070710,0,N
101408186,Y測試特店,YN測試特店,台北市中正區,復興北路３６３號,5499,20070710,0,20070710,0,N
1301406472,Y測試特店,YN測試特店,新北市土城區,復興北路３６３號,5499,20070710,0,20070710,0,N
101408194,Y測試特店,YN測試特店,台北市中正區,復興北路３６３號,5499,20070710,0,20070710,0,N
1301406498,Y測試特店,YN測試特店,新北市中和區,復興北路３６３號,5499,20070710,0,20070710,0,N
1301405119,Y測試特店,YN測試特店,新北市汐止區,復興北路３６３號,5499,20070710,0,20070710,0,N
1301406509,Y測試特店,YN測試特店,新北市中和區,復興北路３６３號,5499,20070710,0,20070710,0,N
101408209,Y測試特店,YN測試特店,台北市內湖區,復興北路３６３號,5499,20070710,0,20070710,0,N
1301406525,Y測試特店,YN測試特店,新北市中和區,復興北路３６３號,5499,20070710,0,20070710,0,N
1301406532,Y測試特店,YN測試特店,新北市中和區,復興北路３６３號,5499,20070710,0,20070710,0,N
1301406540,Y測試特店,YN測試特店,新北市中和區,復興北路３６３號,5499,20070710,0,20070710,0,N
1301405180,Y測試特店,YN測試特店,新北市汐止區,復興北路３６３號,5499,20070710,0,20070710,0,N
101408220,Y測試特店,YN測試特店,台北市內湖區,復興北路３６３號,5499,20070710,0,20070710,0,N
1301406407,Y測試特店,YN測試特店,新北市土城區,復興北路３６３號,5499,20070710,0,20070710,0,N
101408136,Y測試特店,YN測試特店,台北市中正區,復興北路３６３號,5499,20070710,0,20070710,0,N
1301405722,Y測試特店,YN測試特店,新北市板橋區,復興北路３６３號,5499,20070710,0,20070710,0,N
1301405730,Y測試特店,YN測試特店,新北市板橋區,復興北路３６３號,5499,20070710,0,20070710,0,N
1301405748,Y測試特店,YN測試特店,新北市板橋區,復興北路３６３號,5499,20070710,0,20070710,0,N
1101400834,Y測試特店,YN測試特店,基隆市中山區,復興北路３６３號,5499,20070723,0,20070723,0,N
1501401333,Y測試特店,YN測試特店,新竹縣關西鎮,復興北路３６３號,5499,20070723,0,20070723,0,N
1401403317,Y測試特店,YN測試特店,桃園市中壢區,復興北路３６３號,5499,20070723,0,20070723,0,N
4401400703,Y測試特店,YN測試特店,彰化縣大村鄉,復興北路３６３號,5499,20070723,0,20070723,0,N
4201402355,Y測試特店,YN測試特店,台中市神岡區,復興北路３６３號,5499,20070723,0,20070723,0,N
4401400504,Y測試特店,YN測試特店,彰化縣鹿港鎮,復興北路３６３號,5499,20070723,0,20070723,0,N
4401400533,Y測試特店,YN測試特店,彰化縣福興鄉,復興北路３６３號,5499,20070723,0,20070723,0,N
201401496,Y測試特店,YN測試特店,高雄市左營區,復興北路３６３號,5499,20070723,0,20070723,0,N
201401501,Y測試特店,YN測試特店,高雄市楠梓區,復興北路３６３號,5499,20070723,0,20070723,0,N
6301400620,Y測試特店,YN測試特店,高雄市大寮區,復興北路３６３號,5499,20070723,0,20070723,0,N
201401530,Y測試特店,YN測試特店,高雄市楠梓區,復興北路３６３號,5499,20070723,0,20070723,0,N
6301400638,Y測試特店,YN測試特店,高雄市大寮區,復興北路３６３號,5499,20070723,0,20070723,0,N
6301400646,Y測試特店,YN測試特店,高雄市鳥松區,復興北路３６３號,5499,20070723,0,20070723,0,N
201401548,Y測試特店,YN測試特店,高雄市小港區,復興北路３６３號,5499,20070723,0,20070723,0,N
1401402653,Y測試特店,YN測試特店,桃園市八德區,復興北路３６３號,4722,20070723,20190523,20070723,0,N
6301400653,Y測試特店,YN測試特店,高雄市旗山區,復興北路３６３號,5499,20070723,0,20070723,0,N
1401402646,Y測試特店,YN測試特店,桃園市八德區,復興北路３６３號,5499,20070723,0,20070723,0,N
6401400395,Y測試特店,YN測試特店,屏東縣屏東市,復興北路３６３號,5499,20070723,0,20070723,0,N
201401564,Y測試特店,YN測試特店,高雄市左營區,復興北路３６３號,5499,20070723,0,20070723,0,N
6401400422,Y測試特店,YN測試特店,屏東縣屏東市,復興北路３６３號,5499,20070723,0,20070723,0,N
1501401126,Y測試特店,YN測試特店,新竹縣湖口鄉,復興北路３６３號,5499,20070723,0,20070723,0,N
1401403090,Y測試特店,YN測試特店,桃園市龍潭區,復興北路３６３號,5499,20070723,0,20070723,0,N
1401403106,Y測試特店,YN測試特店,桃園市龍潭區,復興北路３６３號,5499,20070723,0,20070723,0,N
1401403114,Y測試特店,YN測試特店,桃園市龍潭區,復興北路３６３號,5499,20070723,0,20070723,0,N
1401403122,Y測試特店,YN測試特店,桃園市龍潭區,復興北路３６３號,5499,20070723,0,20070723,0,N
1401403135,Y測試特店,YN測試特店,桃園市楊梅區,復興北路３６３號,5499,20070723,0,20070723,0,N
1401403143,Y測試特店,YN測試特店,桃園市楊梅區,復興北路３６３號,5499,20070723,0,20070723,0,N
1401402147,Y測試特店,YN測試特店,桃園市中壢區,復興北路３６３號,5499,20070723,0,20070723,0,N
1401402155,Y測試特店,YN測試特店,桃園市中壢區,復興北路３６３號,5499,20070723,0,20070723,0,N
1401402171,Y測試特店,YN測試特店,桃園市中壢區,復興北路３６３號,5499,20070723,0,20070723,0,N
1401402189,Y測試特店,YN測試特店,桃園市中壢區,復興北路３６３號,5499,20070723,0,20070723,0,N
1401402755,Y測試特店,YN測試特店,桃園市中壢區,復興北路３６３號,5499,20070723,0,20070723,0,N
1401403168,Y測試特店,YN測試特店,桃園市楊梅區,復興北路３６３號,5499,20070723,0,20070723,0,N
1401403176,Y測試特店,YN測試特店,桃園市楊梅區,復興北路３６３號,5499,20070723,0,20070723,0,N
1401403184,Y測試特店,YN測試特店,桃園市新屋區,復興北路３６３號,5499,20070723,0,20070723,0,N
1401401961,Y測試特店,YN測試特店,桃園市大溪區,復興北路３６３號,5499,20070723,0,20070723,0,N
1401401979,Y測試特店,YN測試特店,桃園市大溪區,復興北路３６３號,5499,20070723,0,20070723,0,N
1401401987,Y測試特店,YN測試特店,桃園市大溪區,復興北路３６３號,5499,20070723,0,20070723,0,N
1401401990,Y測試特店,YN測試特店,桃園市大溪區,復興北路３６３號,5499,20070723,0,20070723,0,N
1401402009,Y測試特店,YN測試特店,桃園市大溪區,復興北路３６３號,5499,20070723,0,20070723,0,N
1401402017,Y測試特店,YN測試特店,桃園市復興區,復興北路３６３號,5499,20070723,0,20070723,0,N
1401402771,Y測試特店,YN測試特店,桃園市中壢區,復興北路３６３號,5499,20070723,0,20070723,0,N
1401403278,Y測試特店,YN測試特店,桃園市中壢區,復興北路３６３號,5499,20070723,0,20070723,0,N
1301405130,Y測試特店,YN測試特店,新北市新莊區,復興北路３６３號,5499,20070710,0,20070710,0,N
101408262,Y測試特店,YN測試特店,台北市內湖區,復興北路３６３號,5499,20070710,0,20070710,0,N
1301405824,Y測試特店,YN測試特店,新北市泰山區,復興北路３６３號,5499,20070710,0,20070710,0,N
1301405156,Y測試特店,YN測試特店,新北市新莊區,復興北路３６３號,5499,20070710,0,20070710,0,N
1301405840,Y測試特店,YN測試特店,新北市泰山區,復興北路３６３號,5499,20070710,0,20070710,0,N
1301405866,Y測試特店,YN測試特店,新北市泰山區,復興北路３６３號,5499,20070710,0,20070710,0,N
1301405887,Y測試特店,YN測試特店,新北市淡水區,復興北路３６３號,5499,20070710,0,20070710,0,N
1301405900,Y測試特店,YN測試特店,新北市淡水區,復興北路３６３號,5499,20070710,0,20070710,0,N
1301405918,Y測試特店,YN測試特店,新北市淡水區,復興北路３６３號,5499,20070710,0,20070710,0,N
1301405172,Y測試特店,YN測試特店,新北市新莊區,復興北路３６３號,5499,20070710,0,20070710,0,N
101408270,Y測試特店,YN測試特店,台北市內湖區,復興北路３６３號,5499,20070710,0,20070710,0,N
1301405203,Y測試特店,YN測試特店,新北市新莊區,復興北路３６３號,5499,20070710,0,20070710,0,N
1301405894,Y測試特店,YN測試特店,新北市淡水區,復興北路３６３號,5499,20070710,0,20070710,0,N
1301404803,Y測試特店,YN測試特店,新北市中和區,復興北路３６３號,5499,20070710,0,20070710,0,N
1301405224,Y測試特店,YN測試特店,新北市新莊區,復興北路３６３號,5499,20070710,0,20070710,0,N
1301405273,Y測試特店,YN測試特店,新北市汐止區,復興北路３６３號,5499,20070710,0,20070710,0,N
1301405715,Y測試特店,YN測試特店,新北市新莊區,復興北路３６３號,5499,20070710,0,20070710,0,N
1301405281,Y測試特店,YN測試特店,新北市瑞芳區,復興北路３６３號,5499,20070710,0,20070710,0,N
1301405334,Y測試特店,YN測試特店,新北市瑞芳區,復興北路３６３號,5499,20070710,0,20070710,0,N
1301405318,Y測試特店,YN測試特店,新北市板橋區,復興北路３６３號,5499,20070710,0,20070710,0,N
1301405359,Y測試特店,YN測試特店,新北市瑞芳區,復興北路３６３號,5499,20070710,0,20070710,0,N
1301404811,Y測試特店,YN測試特店,新北市中和區,復興北路３６３號,5499,20070710,0,20070710,0,N
1301405326,Y測試特店,YN測試特店,新北市板橋區,復興北路３６３號,5499,20070710,0,20070710,0,N
1301405375,Y測試特店,YN測試特店,新北市瑞芳區,復興北路３６３號,5499,20070710,0,20070710,0,N
1301405391,Y測試特店,YN測試特店,新北市瑞芳區,復興北路３６３號,5499,20070710,0,20070710,0,N
1301405341,Y測試特店,YN測試特店,新北市板橋區,復興北路３６３號,5499,20070710,0,20070710,0,N
1301405934,Y測試特店,YN測試特店,新北市淡水區,復興北路３６３號,5499,20070710,0,20070710,0,N
1301405950,Y測試特店,YN測試特店,新北市淡水區,復興北路３６３號,5499,20070710,0,20070710,0,N
1301405967,Y測試特店,YN測試特店,新北市淡水區,復興北路３６３號,5499,20070710,0,20070710,0,N
1301405485,Y測試特店,YN測試特店,新北市板橋區,復興北路３６３號,5499,20070710,0,20070710,0,N
1301405503,Y測試特店,YN測試特店,新北市板橋區,復興北路３６３號,5499,20070710,0,20070710,0,N
101408254,Y測試特店,YN測試特店,台北市內湖區,復興北路３６３號,5499,20070710,0,20070710,0,N
1301405127,Y測試特店,YN測試特店,新北市新莊區,復興北路３６３號,5499,20070710,0,20070710,0,N
201401580,Y測試特店,YN測試特店,高雄市左營區,復興北路３６３號,5499,20070723,0,20070723,0,N
6401400456,Y測試特店,YN測試特店,屏東縣屏東市,復興北路３６３號,5499,20070723,0,20070723,0,N
4301400274,Y測試特店,YN測試特店,南投縣埔里鎮,復興北路３６３號,5499,20070723,0,20070723,0,N
6401400463,Y測試特店,YN測試特店,屏東縣萬丹鄉,復興北路３６３號,5499,20070723,0,20070723,0,N
4301400282,Y測試特店,YN測試特店,南投縣埔里鎮,復興北路３６３號,5499,20070723,0,20070723,0,N
4301400290,Y測試特店,YN測試特店,南投縣埔里鎮,復興北路３６３號,5499,20070723,0,20070723,0,N
1401402706,Y測試特店,YN測試特店,桃園市八德區,復興北路３６３號,5499,20070723,0,20070723,0,N
1401402714,Y測試特店,YN測試特店,桃園市八德區,復興北路３６３號,5499,20070723,0,20070723,0,N
4301400305,Y測試特店,YN測試特店,南投縣名間鄉,復興北路３６３號,5499,20070723,0,20070723,0,N
4301400313,Y測試特店,YN測試特店,南投縣名間鄉,復興北路３６３號,5499,20070723,0,20070723,0,N
1401402739,Y測試特店,YN測試特店,桃園市大溪區,復興北路３６３號,5499,20070723,0,20070723,0,N
4501400335,Y測試特店,YN測試特店,雲林縣斗六市,復興北路３６３號,5499,20070723,0,20070723,0,N
4501400267,Y測試特店,YN測試特店,雲林縣斗六市,復興北路３６３號,5499,20070723,0,20070723,0,N
1301406702,Y測試特店,YN測試特店,新北市中和區,復興北路３６３號,5499,20071106,0,20071106,0,N
1401402849,Y測試特店,YN測試特店,桃園市中壢區,復興北路３６３號,5499,20070723,0,20070723,0,N
1401402025,Y測試特店,YN測試特店,桃園市大園區,復興北路３６３號,5499,20070723,0,20070723,0,N
1401402032,Y測試特店,YN測試特店,桃園市大園區,復興北路３６３號,5499,20070723,0,20070723,0,N
1401402040,Y測試特店,YN測試特店,桃園市大園區,復興北路３６３號,5499,20070723,0,20070723,0,N
1401402053,Y測試特店,YN測試特店,桃園市大園區,復興北路３６３號,5499,20070723,0,20070723,0,N
1401402061,Y測試特店,YN測試特店,桃園市大園區,復興北路３６３號,5499,20070723,0,20070723,0,N
1401402079,Y測試特店,YN測試特店,桃園市大園區,復興北路３６３號,5499,20070723,0,20070723,0,N
1401402087,Y測試特店,YN測試特店,桃園市大園區,復興北路３６３號,5499,20070723,0,20070723,0,N
1401402865,Y測試特店,YN測試特店,桃園市平鎮區,復興北路３６３號,5499,20070723,0,20070723,0,N
1401402100,Y測試特店,YN測試特店,桃園市蘆竹區,復興北路３６３號,5499,20070723,0,20070723,0,N
1501401434,Y測試特店,YN測試特店,新竹縣竹東鎮,復興北路３６３號,5499,20070723,0,20070723,0,N
1401402873,Y測試特店,YN測試特店,桃園市平鎮區,復興北路３６３號,5499,20070723,0,20070723,0,N
1501401450,Y測試特店,YN測試特店,新竹縣橫山鄉,復興北路３６３號,5499,20070723,0,20070723,0,N
1401402881,Y測試特店,YN測試特店,桃園市平鎮區,復興北路３６３號,5499,20070723,0,20070723,0,N
1501401468,Y測試特店,YN測試特店,新竹縣橫山鄉,復興北路３６３號,5499,20070723,0,20070723,0,N
1501401476,Y測試特店,YN測試特店,新竹縣北埔鄉,復興北路３６３號,5499,20070723,0,20070723,0,N
1501401484,Y測試特店,YN測試特店,新竹縣北埔鄉,復興北路３６３號,5499,20070723,0,20070723,0,N
1401402917,Y測試特店,YN測試特店,桃園市平鎮區,復興北路３６３號,5499,20070723,0,20070723,0,N
1401403208,Y測試特店,YN測試特店,桃園市中壢區,復興北路３６３號,5499,20070723,0,20070723,0,N
1401403216,Y測試特店,YN測試特店,桃園市中壢區,復興北路３６３號,5499,20070723,0,20070723,0,N
1401402484,Y測試特店,YN測試特店,桃園市桃園區,復興北路３６３號,5499,20070723,0,20070723,0,N
1401403223,Y測試特店,YN測試特店,桃園市中壢區,復興北路３６３號,5499,20070723,0,20070723,0,N
101420486,Y測試特店,YN測試特店,台北市大安區,復興北路３６３號,5499,20110919,0,20110919,0,N
1101400664,Y測試特店,YN測試特店,基隆市中正區,復興北路３６３號,5499,20070723,0,20070723,0,N
1101400672,Y測試特店,YN測試特店,基隆市中正區,復興北路３６３號,5499,20070723,0,20070723,0,N
4101400414,Y測試特店,YN測試特店,苗栗縣頭份市,復興北路３６３號,5499,20071009,0,20071009,0,N
1101400432,Y測試特店,YN測試特店,基隆市暖暖區,復興北路３６３號,5499,20070723,0,20070723,0,N
1101400698,Y測試特店,YN測試特店,基隆市中正區,復興北路３６３號,5499,20070723,0,20070723,0,N
1501400802,Y測試特店,YN測試特店,新竹市,復興北路３６３號,5499,20070723,0,20070723,0,N
1501400810,Y測試特店,YN測試特店,新竹市,復興北路３６３號,5499,20070723,0,20070723,0,N
1501400893,Y測試特店,YN測試特店,新竹市,復興北路３６３號,5499,20070723,0,20070723,0,N
1501401272,Y測試特店,YN測試特店,新竹縣新豐鄉,復興北路３６３號,5499,20070723,0,20070723,0,N
1501401492,Y測試特店,YN測試特店,新竹縣竹北市,復興北路３６３號,5499,20070913,0,20070913,0,N
6401400497,Y測試特店,YN測試特店,屏東縣長治鄉,復興北路３６３號,5499,20070913,0,20070913,0,N
1401410226,Y測試特店,YN測試特店,桃園市八德區,復興北路３６３號,5499,20091224,0,20091224,0,N
4201403001,Y測試特店,YN測試特店,台中市西屯區,復興北路３６３號,5499,20080111,0,20080111,0,N
1301415484,Y測試特店,YN測試特店,新北市泰山區,復興北路３６３號,5499,20080423,0,20080423,0,N
4201408860,Y測試特店,YN測試特店,台中市大里區,復興北路３６３號,5499,20080403,0,20080403,0,N
201401673,Y測試特店,YN測試特店,高雄市楠梓區,復興北路３６３號,5499,20071231,0,20071231,0,N
101415280,Y測試特店,YN測試特店,台北市北投區,復興北路３６３號,5499,20080409,0,20080409,0,N
1501401528,Y測試特店,YN測試特店,新竹縣竹北市,復興北路３６３號,5499,20080214,0,20080214,0,N
101408424,Y測試特店,YN測試特店,台北市北投區,復興北路３６３號,5499,20080108,0,20080109,0,N
101415604,Y測試特店,YN測試特店,台北市大安區,復興北路３６３號,5499,20080606,0,20080606,0,N
4401402575,Y測試特店,YN測試特店,彰化縣鹿港鎮,復興北路３６３號,5499,20080624,0,20080624,0,N
6101401496,Y測試特店,YN測試特店,嘉義縣大林鎮,復興北路３６３號,5499,20080227,0,20080227,0,N
101415560,Y測試特店,YN測試特店,台北市信義區,復興北路３６３號,5499,20080527,0,20080527,0,N
1401409007,Y測試特店,YN測試特店,桃園市平鎮區,復興北路３６３號,5499,20080626,0,20080626,0,N
4101401511,Y測試特店,YN測試特店,苗栗縣頭份市,復興北路３６３號,5499,20080729,0,20080729,0,N
1101401761,Y測試特店,YN測試特店,基隆市仁愛區,復興北路３６３號,5499,20080718,0,20080718,0,N
4201409101,Y測試特店,YN測試特店,台中市烏日區,復興北路３６３號,5499,20080630,0,20080630,0,N
6301402756,Y測試特店,YN測試特店,高雄市大寮區,復興北路３６３號,5499,20080718,0,20080718,0,N
1101401709,Y測試特店,YN測試特店,基隆市中山區,復興北路３６３號,5499,20080430,0,20080430,0,N
101416278,Y測試特店,YN測試特店,台北市文山區,復興北路３６３號,5499,20080918,0,20080918,0,N
4401402591,Y測試特店,YN測試特店,彰化縣二林鎮,復興北路３６３號,5499,20080630,0,20080630,0,N
4401402550,Y測試特店,YN測試特店,彰化縣二林鎮,復興北路３６３號,5499,20080616,0,20080616,0,N
1501403874,Y測試特店,YN測試特店,新竹縣竹東鎮,復興北路３６３號,5499,20080527,0,20080527,0,N
6201405648,Y測試特店,YN測試特店,台南市歸仁區,復興北路３６３號,5499,20080724,0,20080724,0,N
1301415763,Y測試特店,YN測試特店,新北市淡水區,復興北路３６３號,5499,20080620,0,20080620,0,N
1301416127,Y測試特店,YN測試特店,新北市汐止區,復興北路３６３號,5499,20080902,0,20080902,0,N
101416090,Y測試特店,YN測試特店,台北市北投區,復興北路３６３號,5499,20080910,0,20080910,0,N
1301415823,Y測試特店,YN測試特店,新北市三芝區,復興北路３６３號,5499,20080630,0,20080630,0,N
1401409381,Y測試特店,YN測試特店,桃園市楊梅區,復興北路３６３號,5499,20081208,0,20081205,0,N
4401402711,Y測試特店,YN測試特店,彰化縣二林鎮,復興北路３６３號,5499,20081222,0,20081222,0,N
1301416294,Y測試特店,YN測試特店,新北市汐止區,復興北路３６３號,5499,20081014,0,20081014,0,N
6301402780,Y測試特店,YN測試特店,高雄市鳳山區,復興北路３６３號,5499,20080815,0,20080815,0,N
201405039,Y測試特店,YN測試特店,高雄市楠梓區,復興北路３６３號,5499,20080821,0,20080821,0,N
1301416245,Y測試特店,YN測試特店,新北市新店區,復興北路３６３號,5499,20081001,0,20081001,0,N
101416106,Y測試特店,YN測試特店,台北市士林區,復興北路３６３號,5499,20080807,0,20080807,0,N
4401402729,Y測試特店,YN測試特店,彰化縣彰化市,復興北路３６３號,5499,20081229,0,20081229,0,N
1501404076,Y測試特店,YN測試特店,新竹縣竹北市,復興北路３６３號,5499,20081112,0,20081111,0,N
1301416456,Y測試特店,YN測試特店,新北市瑞芳區,復興北路３６３號,5499,20081112,0,20081111,0,N
1501404091,Y測試特店,YN測試特店,新竹縣新豐鄉,復興北路３６３號,5499,20081112,0,20081111,0,N
201405245,Y測試特店,YN測試特店,高雄市鼓山區,復興北路３６３號,5499,20090110,0,20090110,0,N
4101401605,Y測試特店,YN測試特店,苗栗縣苗栗市,復興北路３６３號,5499,20090319,0,20090319,0,N
1301416067,Y測試特店,YN測試特店,新北市新店區,復興北路３６３號,5499,20080819,0,20080819,0,N
6101401742,Y測試特店,YN測試特店,嘉義縣大林鎮,復興北路３６３號,5499,20090430,0,20090430,0,N
1101401839,Y測試特店,YN測試特店,基隆市信義區,復興北路３６３號,5499,20081022,0,20081022,0,N
1301416861,Y測試特店,YN測試特店,新北市汐止區,復興北路３６３號,5499,20090122,0,20090122,0,N
1301417232,Y測試特店,YN測試特店,新北市三重區,復興北路３６３號,5499,20090618,0,20090618,0,N
1101401907,Y測試特店,YN測試特店,基隆市信義區,復興北路３６３號,5499,20090302,0,20090302,0,N
1301417216,Y測試特店,YN測試特店,新北市淡水區,復興北路３６３號,5499,20090603,0,20090603,0,N
1101401980,Y測試特店,YN測試特店,基隆市七堵區,復興北路３６３號,5499,20090603,0,20090603,0,N
1301416975,Y測試特店,YN測試特店,新北市瑞芳區,復興北路３６３號,5499,20090320,0,20090320,0,N
1301417123,Y測試特店,YN測試特店,新北市新店區,復興北路３６３號,5499,20090511,0,20090511,0,N
1301417224,Y測試特店,YN測試特店,新北市板橋區,復興北路３６３號,5499,20090608,0,20090608,0,N
4201409836,Y測試特店,YN測試特店,台中市潭子區,復興北路３６３號,5499,20090608,0,20090608,0,N
1301419677,Y測試特店,YN測試特店,新北市蘆洲區,復興北路３６３號,5499,20101208,0,20101208,0,N
1401411336,Y測試特店,YN測試特店,桃園市大園區,復興北路３６３號,5499,20101208,0,20101208,0,N
1401410023,Y測試特店,YN測試特店,桃園市龜山區,復興北路３６３號,5499,20090908,0,20090908,0,N
1101402098,Y測試特店,YN測試特店,基隆市中正區,復興北路３６３號,5499,20090917,0,20090917,0,N
4201410168,Y測試特店,YN測試特店,台中市南屯區,復興北路３６３號,5499,20090917,0,20090917,0,N
110335650,Y測試特店,YN測試特店,台北市松山區,復興北路３６３號,4812,20190611,0,20140214,0,N
1301417858,Y測試特店,YN測試特店,新北市土城區,復興北路３６３號,5499,20090903,0,20090903,0,N
1401409610,Y測試特店,YN測試特店,桃園市平鎮區,復興北路３６３號,5499,20090327,0,20090327,0,N
104200626,Y測試特店,YN測試特店,台北市士林區,復興北路３６３號,5814,20090413,20090506,20090413,0,N
1301416829,Y測試特店,YN測試特店,新北市鶯歌區,復興北路３６３號,5499,20090115,0,20090115,0,N
1101401949,Y測試特店,YN測試特店,基隆市仁愛區,復興北路３６３號,5499,20090423,0,20090423,0,N
1301417477,Y測試特店,YN測試特店,新北市板橋區,復興北路３６３號,5499,20090715,0,20090715,0,N
4401402813,Y測試特店,YN測試特店,彰化縣員林市,復興北路３６３號,5499,20090519,0,20090519,0,N
1401410015,Y測試特店,YN測試特店,桃園市平鎮區,復興北路３６３號,5499,20090819,0,20090819,0,N
1401410179,Y測試特店,YN測試特店,桃園市桃園區,復興北路３６３號,5499,20091123,0,20091123,0,N
1301417590,Y測試特店,YN測試特店,新北市土城區,復興北路３６３號,5499,20090722,0,20090722,0,N
4401402923,Y測試特店,YN測試特店,彰化縣員林市,復興北路３６３號,5499,20091104,0,20091104,0,N
4201410361,Y測試特店,YN測試特店,台中市大甲區,復興北路３６３號,5499,20091211,0,20091211,0,N
1101402010,Y測試特店,YN測試特店,基隆市信義區,復興北路３６３號,5499,20090701,0,20090701,0,N
4201410192,Y測試特店,YN測試特店,台中市大里區,復興北路３６３號,5499,20091005,0,20091005,0,N
101417670,Y測試特店,YN測試特店,台北市中正區,復興北路３６３號,5499,20091006,0,20091006,0,N
1101402052,Y測試特店,YN測試特店,基隆市七堵區,復興北路３６３號,5499,20090708,0,20090708,0,N
101417427,Y測試特店,YN測試特店,台北市大安區,復興北路３６３號,5499,20090702,0,20090702,0,N
4201410090,Y測試特店,YN測試特店,台中市北區,復興北路３６３號,5499,20090708,0,20090708,0,N
1101402028,Y測試特店,YN測試特店,基隆市暖暖區,復興北路３６３號,5499,20090707,0,20090707,0,N
6301403083,Y測試特店,YN測試特店,高雄市大寮區,復興北路３６３號,5499,20090708,0,20090708,0,N
101417469,Y測試特店,YN測試特店,台北市文山區,復興北路３６３號,5499,20090708,0,20090708,0,N
1301418371,Y測試特店,YN測試特店,新北市樹林區,復興北路３６３號,5499,20100312,0,20100312,0,N
200802631,Y測試特店,YN測試特店,高雄市左營區,復興北路３６３號,5331,20210520,0,20100118,0,N
4101401769,Y測試特店,YN測試特店,苗栗縣頭份市,復興北路３６３號,5499,20100507,0,20100507,0,N
101418313,Y測試特店,YN測試特店,台北市中山區,復興北路３６３號,5499,20100603,0,20100603,0,N
1301418110,Y測試特店,YN測試特店,新北市瑞芳區,復興北路３６３號,5499,20091214,0,20091214,0,N
1101402104,Y測試特店,YN測試特店,基隆市七堵區,復興北路３６３號,5499,20091015,0,20091015,0,N
1301418389,Y測試特店,YN測試特店,新北市新店區,復興北路３６３號,5499,20100316,0,20100316,0,N
1301418279,Y測試特店,YN測試特店,新北市淡水區,復興北路３６３號,5499,20100201,0,20100201,0,N
101417926,Y測試特店,YN測試特店,台北市南港區,復興北路３６３號,5499,20100121,0,20100121,0,N
4201410502,Y測試特店,YN測試特店,台中市西屯區,復興北路３６３號,5499,20100325,0,20100325,0,N
1101402214,Y測試特店,YN測試特店,基隆市中山區,復興北路３６３號,5499,20100323,0,20100323,0,N
1401410398,Y測試特店,YN測試特店,桃園市龍潭區,復興北路３６３號,5499,20100316,0,20100316,0,N
1301418601,Y測試特店,YN測試特店,新北市永和區,復興北路３６３號,5499,20100519,0,20100519,0,N
1101402112,Y測試特店,YN測試特店,基隆市中正區,復興北路３６３號,5499,20091112,0,20091112,0,N
1301418152,Y測試特店,YN測試特店,新北市汐止區,復興北路３６３號,5499,20091223,0,20091223,0,N
1401410534,Y測試特店,YN測試特店,桃園市龍潭區,復興北路３６３號,5499,20100318,0,20100318,0,N
1401410610,Y測試特店,YN測試特店,桃園市桃園區,復興北路３６３號,5499,20100329,0,20100329,0,N
1301418525,Y測試特店,YN測試特店,新北市金山區,復興北路３６３號,5499,20100420,0,20100420,0,N
1101402182,Y測試特店,YN測試特店,基隆市信義區,復興北路３６３號,5499,20100223,0,20100223,0,N
201405991,Y測試特店,YN測試特店,高雄市左營區,復興北路３６３號,5499,20100223,0,20100223,0,N
1301418634,Y測試特店,YN測試特店,新北市鶯歌區,復興北路３６３號,5499,20100521,0,20100521,0,N
1301418906,Y測試特店,YN測試特店,新北市三峽區,復興北路３６３號,5499,20100713,0,20100713,0,N
1301418890,Y測試特店,YN測試特店,新北市淡水區,復興北路３６３號,5499,20100713,0,20100713,0,N
1401410542,Y測試特店,YN測試特店,桃園市龜山區,復興北路３６３號,5499,20100318,0,20100318,0,N
1101402284,Y測試特店,YN測試特店,基隆市七堵區,復興北路３６３號,5499,20100806,0,20100806,0,N
101417900,Y測試特店,YN測試特店,台北市信義區,復興北路３６３號,5499,20100111,0,20100111,0,N
101418177,Y測試特店,YN測試特店,台北市中山區,復興北路３６３號,5499,20100421,0,20100421,0,N
201406172,Y測試特店,YN測試特店,高雄市苓雅區,復興北路３６３號,5499,20100706,0,20100706,0,N
101418431,Y測試特店,YN測試特店,台北市北投區,復興北路３６３號,5499,20100706,0,20100706,0,N
1301418874,Y測試特店,YN測試特店,新北市蘆洲區,復興北路３６３號,5499,20100706,0,20100706,0,N
1501405055,Y測試特店,YN測試特店,新竹縣湖口鄉,復興北路３６３號,5499,20100706,0,20100706,0,N
1401411167,Y測試特店,YN測試特店,桃園市中壢區,復興北路３６３號,5499,20101011,0,20101011,0,N
1101402360,Y測試特店,YN測試特店,基隆市七堵區,復興北路３６３號,5499,20101130,0,20101130,0,N
1101402352,Y測試特店,YN測試特店,基隆市安樂區,復興北路３６３號,5499,20101028,0,20101028,0,N
6401402229,Y測試特店,YN測試特店,屏東縣麟洛鄉,復興北路３６３號,5499,20100909,0,20100909,0,N
4301401410,Y測試特店,YN測試特店,南投縣草屯鎮,復興北路３６３號,5499,20100714,0,20100714,0,N
201406266,Y測試特店,YN測試特店,高雄市小港區,復興北路３６３號,5499,20100831,0,20100831,0,N
6301403415,Y測試特店,YN測試特店,高雄市大社區,復興北路３６３號,5499,20100831,0,20100831,0,N
101418415,Y測試特店,YN測試特店,台北市士林區,復興北路３６３號,5499,20100701,0,20100701,0,N
101418525,Y測試特店,YN測試特店,台北市士林區,復興北路３６３號,5499,20100809,0,20100809,0,N
101418532,Y測試特店,YN測試特店,台北市中山區,復興北路３６３號,5499,20100809,0,20100809,0,N
1401410923,Y測試特店,YN測試特店,桃園市中壢區,復興北路３６３號,5499,20100809,0,20100809,0,N
1501404913,Y測試特店,YN測試特店,新竹市,復興北路３６３號,5499,20100503,0,20100503,0,N
4101401879,Y測試特店,YN測試特店,苗栗縣竹南鎮,復興北路３６３號,5499,20101112,0,20101112,0,N
101418861,Y測試特店,YN測試特店,台北市士林區,復興北路３６３號,5499,20101112,0,20101112,0,N
4201410810,Y測試特店,YN測試特店,台中市太平區,復興北路３６３號,5499,20100902,0,20100902,0,N
1401410678,Y測試特店,YN測試特店,桃園市龜山區,復興北路３６３號,5499,20100420,0,20100420,0,N
4201410938,Y測試特店,YN測試特店,台中市沙鹿區,復興北路３６３號,5499,20100928,0,20100928,0,N
201406553,Y測試特店,YN測試特店,高雄市大寮區,復興北路３６３號,5499,20110217,0,20110217,0,N
6201407048,Y測試特店,YN測試特店,台南市新市區,復興北路３６３號,5499,20110104,0,20110104,0,N
1301419505,Y測試特店,YN測試特店,新北市汐止區,復興北路３６３號,5499,20101117,0,20101117,0,N
1101402331,Y測試特店,YN測試特店,基隆市中正區,復興北路３６３號,5499,20101020,0,20101020,0,N
1201401487,Y測試特店,YN測試特店,宜蘭縣宜蘭市,復興北路３６３號,5499,20110217,0,20110217,0,N
1201401479,Y測試特店,YN測試特店,宜蘭縣宜蘭市,復興北路３６３號,5499,20110217,0,20110217,0,N
4401403213,Y測試特店,YN測試特店,彰化縣和美鎮,復興北路３６３號,5499,20101220,0,20101220,0,N
1301419403,Y測試特店,YN測試特店,新北市淡水區,復興北路３６３號,5499,20101028,0,20101028,0,N
1401411488,Y測試特店,YN測試特店,桃園市平鎮區,復興北路３６３號,5499,20110113,0,20110113,0,N
101419131,Y測試特店,YN測試特店,台北市大同區,復興北路３６３號,5499,20110221,0,20110221,0,N
201406460,Y測試特店,YN測試特店,高雄市大社區,復興北路３６３號,5499,20110104,0,20110104,0,N
1201401539,Y測試特店,YN測試特店,宜蘭縣礁溪鄉,復興北路３６３號,5499,20110512,0,20110512,0,N
1101402479,Y測試特店,YN測試特店,基隆市暖暖區,復興北路３６３號,5499,20110211,0,20110211,0,N
4101401962,Y測試特店,YN測試特店,苗栗縣苑裡鎮,復興北路３６３號,5499,20110412,0,20110412,0,N
4201411232,Y測試特店,YN測試特店,台中市大甲區,復興北路３６３號,5499,20110119,0,20110119,0,N
101418676,Y測試特店,YN測試特店,台北市南港區,復興北路３６３號,5499,20100910,0,20100910,0,N
1201401547,Y測試特店,YN測試特店,宜蘭縣宜蘭市,復興北路３６３號,5499,20110519,0,20110519,0,N
1501405327,Y測試特店,YN測試特店,新竹縣湖口鄉,復興北路３６３號,5499,20101201,0,20101201,0,N
4101401939,Y測試特店,YN測試特店,苗栗縣竹南鎮,復興北路３６３號,5499,20110321,0,20110321,0,N
1101402495,Y測試特店,YN測試特店,基隆市暖暖區,復興北路３６３號,5499,20110321,0,20110321,0,N
1401411876,Y測試特店,YN測試特店,桃園市龜山區,復興北路３６３號,5499,20110519,0,20110519,0,N
1301419283,Y測試特店,YN測試特店,新北市新店區,復興北路３６３號,5499,20101005,0,20101005,0,N
4401403360,Y測試特店,YN測試特店,彰化縣彰化市,復興北路３６３號,5499,20110414,0,20110414,0,N
1301420809,Y測試特店,YN測試特店,新北市八里區,復興北路３６３號,5499,20110615,0,20110615,0,N
6201407023,Y測試特店,YN測試特店,台南市善化區,復興北路３６３號,5499,20110104,0,20110104,0,N
6610900085,Y測試特店,YN測試特店,金門縣金沙鎮,復興北路３６３號,5732,20190529,0,20131127,0,N
1101402547,Y測試特店,YN測試特店,基隆市七堵區,復興北路３６３號,5499,20110610,0,20110610,0,N
6201407030,Y測試特店,YN測試特店,台南市新市區,復興北路３６３號,5499,20110104,0,20110104,0,N
6201407015,Y測試特店,YN測試特店,台南市新市區,復興北路３６３號,5499,20110104,0,20110104,0,N
1501405630,Y測試特店,YN測試特店,新竹市,復興北路３６３號,5499,20110704,0,20110704,0,N
1301421077,Y測試特店,YN測試特店,新北市汐止區,復興北路３６３號,5499,20110705,0,20110705,0,N
4201411714,Y測試特店,YN測試特店,台中市中區,復興北路３６３號,5499,20110621,0,20110621,0,N
4301401635,Y測試特店,YN測試特店,南投縣名間鄉,復興北路３６３號,5499,20110621,0,20110621,0,N
6201407369,Y測試特店,YN測試特店,台南市新市區,復興北路３６３號,5499,20110615,0,20110615,0,N
6101402272,Y測試特店,YN測試特店,嘉義市,復興北路３６３號,5499,20110824,0,20110824,0,N
1401412311,Y測試特店,YN測試特店,桃園市觀音區,復興北路３６３號,5499,20110822,0,20110822,0,N
4201411941,Y測試特店,YN測試特店,台中市北區,復興北路３６３號,5499,20110822,0,20110822,0,N
6101402249,Y測試特店,YN測試特店,嘉義縣朴子市,復興北路３６３號,5499,20110822,0,20110822,0,N
6101402257,Y測試特店,YN測試特店,嘉義縣民雄鄉,復興北路３６３號,5499,20110822,0,20110822,0,N
118117164,Y測試特店,YN測試特店,台北市士林區,復興北路３６３號,8043,20110725,20110726,20110725,0,N
1201401602,Y測試特店,YN測試特店,宜蘭縣羅東鎮,復興北路３６３號,5499,20110727,0,20110727,0,N
1201401571,Y測試特店,YN測試特店,宜蘭縣宜蘭市,復興北路３６３號,5499,20110628,0,20110628,0,N
6629100034,Y測試特店,YN測試特店,台北市中山區,復興北路３６３號,6300,20180620,20180920,20140925,0,N
6201407268,Y測試特店,YN測試特店,台南市官田區,復興北路３６３號,5499,20110427,0,20110427,0,N
1401412519,Y測試特店,YN測試特店,桃園市蘆竹區,復興北路３６３號,5499,20110831,0,20110831,0,N
6201407709,Y測試特店,YN測試特店,台南市北區,復興北路３６３號,5499,20110831,0,20110831,0,N
4201411881,Y測試特店,YN測試特店,台中市梧棲區,復興北路３６３號,5499,20110805,0,20110805,0,N
1101402563,Y測試特店,YN測試特店,基隆市安樂區,復興北路３６３號,5499,20110706,0,20110706,0,N
6201407571,Y測試特店,YN測試特店,台南市南區,復興北路３６３號,5499,20110817,0,20110817,0,N
6201407563,Y測試特店,YN測試特店,台南市中西區,復興北路３６３號,5499,20110817,0,20110817,0,N
1501405723,Y測試特店,YN測試特店,新竹縣竹東鎮,復興北路３６３號,5499,20110817,0,20110817,0,N
1301421153,Y測試特店,YN測試特店,新北市永和區,復興北路３６３號,5499,20110721,0,20110721,0,N
4401403487,Y測試特店,YN測試特店,彰化縣彰化市,復興北路３６３號,5499,20110801,0,20110801,0,N
6201407291,Y測試特店,YN測試特店,台南市大內區,復興北路３６３號,5499,20110525,0,20110525,0,N
6101402265,Y測試特店,YN測試特店,嘉義市,復興北路３６３號,5499,20110824,0,20110824,0,N
6101402358,Y測試特店,YN測試特店,嘉義縣民雄鄉,復興北路３６３號,5499,20110926,0,20110926,0,N
4501402010,Y測試特店,YN測試特店,雲林縣西螺鎮,復興北路３６３號,5499,20111011,0,20111011,0,N
6101402390,Y測試特店,YN測試特店,嘉義縣民雄鄉,復興北路３６３號,5499,20111104,0,20111104,0,N
201407108,Y測試特店,YN測試特店,高雄市鳳山區,復興北路３６３號,5499,20110906,0,20110906,0,N
1501405538,Y測試特店,YN測試特店,新竹縣新埔鎮,復興北路３６３號,5499,20110609,0,20110609,0,N
100829586,Y測試特店,YN測試特店,台北市松山區,復興北路３６３號,6300,20190411,20190417,20140826,0,N
1301422028,Y測試特店,YN測試特店,新北市中和區,復興北路３６３號,5499,20111007,0,20111007,0,N
1401412637,Y測試特店,YN測試特店,桃園市桃園區,復興北路３６３號,4722,20111011,0,20111011,0,N
4401403649,Y測試特店,YN測試特店,彰化縣二水鄉,復興北路３６３號,5499,20111011,0,20111011,0,N
1301422036,Y測試特店,YN測試特店,新北市土城區,復興北路３６３號,5499,20111011,0,20111011,0,N
4201412370,Y測試特店,YN測試特店,台中市霧峰區,復興北路３６３號,5499,20111011,0,20111011,0,N
4201412287,Y測試特店,YN測試特店,台中市大里區,復興北路３６３號,5499,20110921,0,20110921,0,N
1201401704,Y測試特店,YN測試特店,宜蘭縣五結鄉,復興北路３６３號,5499,20111104,0,20111104,0,N
101300140,Y測試特店,YN測試特店,台北市中山區,復興北路３６３號,5641,20131016,0,20130131,0,N
1301421411,Y測試特店,YN測試特店,新北市蘆洲區,復興北路３６３號,5499,20110817,0,20110817,0,N
1201401699,Y測試特店,YN測試特店,宜蘭縣頭城鎮,復興北路３６３號,5499,20111011,0,20111011,0,N
6201407842,Y測試特店,YN測試特店,台南市麻豆區,復興北路３６３號,5499,20111011,0,20111011,0,N
1401412966,Y測試特店,YN測試特店,桃園市平鎮區,復興北路３６３號,5499,20120213,0,20120213,0,N
201407692,Y測試特店,YN測試特店,高雄市大社區,復興北路３６３號,5499,20120203,0,20120203,0,N
111500375,Y測試特店,YN測試特店,台北市大同區,復興北路３６３號,7523,20110803,0,20111206,0,N
4201412396,Y測試特店,YN測試特店,台中市南屯區,復興北路３６３號,5499,20111014,0,20111014,0,N
4201412388,Y測試特店,YN測試特店,台中市西區,復興北路３６３號,5499,20111014,0,20111014,0,N
1301422377,Y測試特店,YN測試特店,新北市五股區,復興北路３６３號,5499,20111128,0,20111128,0,N
1101402725,Y測試特店,YN測試特店,基隆市七堵區,復興北路３６３號,5499,20111128,0,20111128,0,N
4401403741,Y測試特店,YN測試特店,彰化縣和美鎮,復興北路３６３號,5499,20120204,0,20120204,0,N
1401412815,Y測試特店,YN測試特店,桃園市龜山區,復興北路３６３號,5499,20111216,0,20111216,0,N
101420976,Y測試特店,YN測試特店,台北市士林區,復興北路３６３號,5499,20111216,0,20111216,0,N
1401412603,Y測試特店,YN測試特店,桃園市八德區,復興北路３６３號,5499,20111006,0,20111006,0,N
1301422826,Y測試特店,YN測試特店,新北市中和區,復興北路３６３號,5499,20120216,0,20120216,0,N
1101402767,Y測試特店,YN測試特店,基隆市中正區,復興北路３６３號,5499,20120216,0,20120216,0,N
1401412629,Y測試特店,YN測試特店,桃園市觀音區,復興北路３６３號,5499,20111007,0,20111007,0,N
201407408,Y測試特店,YN測試特店,高雄市岡山區,復興北路３６３號,5499,20111118,0,20111118,0,N
4401403631,Y測試特店,YN測試特店,彰化縣和美鎮,復興北路３６３號,5499,20111007,0,20111007,0,N
1301422513,Y測試特店,YN測試特店,新北市板橋區,復興北路３６３號,5499,20111216,0,20111216,0,N
6201407980,Y測試特店,YN測試特店,台南市東區,復興北路３６３號,5499,20120213,0,20120213,0,N
1301422479,Y測試特店,YN測試特店,新北市新莊區,復興北路３６３號,5499,20111213,0,20111213,0,N
100900283,Y測試特店,YN測試特店,台北市松山區,復興北路３６３號,5399,20190612,0,20140428,0,N
1301421948,Y測試特店,YN測試特店,新北市樹林區,復興北路３６３號,5499,20110926,0,20110926,0,N
1401412872,Y測試特店,YN測試特店,桃園市平鎮區,復興北路３６３號,5499,20111228,0,20111228,0,N
4401403725,Y測試特店,YN測試特店,彰化縣鹿港鎮,復興北路３６３號,5499,20120112,0,20120112,0,N
101060862,Y測試特店,YN測試特店,台北市松山區,復興北路３６３號,5311,20210622,0,20140509,0,N
201407786,Y測試特店,YN測試特店,高雄市路竹區,復興北路３６３號,5499,20120321,0,20120321,0,N
1301422385,Y測試特店,YN測試特店,新北市樹林區,復興北路３６３號,5499,20111128,0,20111128,0,N
6201408052,Y測試特店,YN測試特店,台南市東區,復興北路３６３號,5499,20120330,0,20120330,0,N
1501406092,Y測試特店,YN測試特店,新竹縣寶山鄉,復興北路３６３號,5499,20120402,0,20120402,0,N
4201412939,Y測試特店,YN測試特店,台中市豐原區,復興北路３６３號,5499,20120402,0,20120402,0,N
1301422952,Y測試特店,YN測試特店,新北市三芝區,復興北路３６３號,5499,20120502,0,20120502,0,N
1401412822,Y測試特店,YN測試特店,桃園市中壢區,復興北路３６３號,5499,20111221,0,20111221,0,N
1101402782,Y測試特店,YN測試特店,基隆市中山區,復興北路３６３號,5499,20120321,0,20120321,0,N
4201412879,Y測試特店,YN測試特店,台中市北屯區,復興北路３６３號,5499,20120319,0,20120319,0,N
1501406077,Y測試特店,YN測試特店,新竹縣新埔鎮,復興北路３６３號,5499,20120320,0,20120320,0,N
101421262,Y測試特店,YN測試特店,台北市北投區,復興北路３６３號,5499,20120313,0,20120313,0,N
1501406051,Y測試特店,YN測試特店,新竹市,復興北路３６３號,5499,20120307,0,20120307,0,N
101421301,Y測試特店,YN測試特店,台北市內湖區,復興北路３６３號,5499,20120322,0,20120322,0,N
1301423060,Y測試特店,YN測試特店,新北市板橋區,復興北路３６３號,5499,20120323,0,20120323,0,N
1401412987,Y測試特店,YN測試特店,桃園市龍潭區,復興北路３６３號,5499,20120215,0,20120215,0,N
6201408060,Y測試特店,YN測試特店,台南市南區,復興北路３６３號,5499,20120410,0,20120410,0,N
101421481,Y測試特店,YN測試特店,台北市南港區,復興北路３６３號,5499,20120424,0,20120424,0,N
4201412650,Y測試特店,YN測試特店,台中市東區,復興北路３６３號,5499,20111230,0,20111230,0,N
101420968,Y測試特店,YN測試特店,台北市中山區,復興北路３６３號,5499,20111209,0,20111209,0,N
4501402065,Y測試特店,YN測試特店,雲林縣斗南鎮,復興北路３６３號,5499,20120104,0,20120104,0,N
4201413026,Y測試特店,YN測試特店,台中市大雅區,復興北路３６３號,5499,20120502,0,20120502,0,N
6401402574,Y測試特店,YN測試特店,屏東縣屏東市,復興北路３６３號,5499,20120217,0,20120217,0,N
6401402642,Y測試特店,YN測試特店,屏東縣屏東市,復興北路３６３號,5499,20120221,0,20120221,0,N
101061152,Y測試特店,YN測試特店,台北市松山區,復興北路３６３號,5311,20141013,0,20140905,0,N
1401413455,Y測試特店,YN測試特店,桃園市八德區,復興北路３６３號,5499,20120716,0,20120716,0,N
1201401819,Y測試特店,YN測試特店,宜蘭縣羅東鎮,復興北路３６３號,5499,20120531,0,20120531,0,N
4501402166,Y測試特店,YN測試特店,雲林縣西螺鎮,復興北路３６３號,5499,20120627,0,20120627,0,N
1501406129,Y測試特店,YN測試特店,新竹縣湖口鄉,復興北路３６３號,5499,20120420,0,20120420,0,N
1301423490,Y測試特店,YN測試特店,新北市貢寮區,復興北路３６３號,5499,20120524,0,20120524,0,N
101421643,Y測試特店,YN測試特店,台北市松山區,復興北路３６３號,5499,20120524,0,20120524,0,N
4301401778,Y測試特店,YN測試特店,南投縣埔里鎮,復興北路３６３號,5499,20120502,0,20120502,0,N
6201408010,Y測試特店,YN測試特店,台南市麻豆區,復興北路３６３號,5499,20120303,0,20120303,0,N
4401403897,Y測試特店,YN測試特店,彰化縣彰化市,復興北路３６３號,5499,20120703,0,20120703,0,N
1401413058,Y測試特店,YN測試特店,桃園市大溪區,復興北路３６３號,5499,20120313,0,20120313,0,N
4201413097,Y測試特店,YN測試特店,台中市大里區,復興北路３６３號,5499,20120531,0,20120531,0,N
101421838,Y測試特店,YN測試特店,台北市內湖區,復興北路３６３號,5499,20120621,0,20120621,0,N
101062482,Y測試特店,YN測試特店,台北市松山區,復興北路３６３號,5311,20180823,0,20190912,0,N
207003840,Y測試特店,YN測試特店,台東縣卑南鄉,復興北路３６３號,5812,20210810,0,20210810,0,N
207003857,Y測試特店,YN測試特店,台東縣卑南鄉,復興北路３６３號,5812,20210810,0,20210810,0,N
207103600,Y測試特店,YN測試特店,台東縣卑南鄉,復興北路３６３號,5812,20211005,0,20211005,0,N
107100801,Y測試特店,YN測試特店,台北市松山區,復興北路３６３號,5812,20201008,0,20201008,0,N
101648471,Y測試特店,YN測試特店,台北市中山區,復興北路３６３號,5964,20200417,0,20200417,0,N
101648516,Y測試特店,YN測試特店,台北市松山區,復興北路３６３號,5964,20200417,0,20200417,0,N
106005458,Y測試特店,YN測試特店,台北市中正區,復興北路３６３號,5812,20200417,0,20200417,0,N
112211480,Y測試特店,YN測試特店,台北市中山區,復興北路３６３號,4722,20200417,0,20200417,0,N
117106052,Y測試特店,YN測試特店,台北市萬華區,復興北路３６３號,5945,20200417,0,20200417,0,N
117407359,Y測試特店,YN測試特店,台北市北投區,復興北路３６３號,5977,20200417,0,20200417,0,N
1302417877,Y測試特店,YN測試特店,新北市板橋區,復興北路３６３號,5621,20200417,0,20200417,0,N
1523000055,Y測試特店,YN測試特店,新竹縣關西鎮,復興北路３６３號,7032,20200417,0,20200417,0,N
4202422897,Y測試特店,YN測試特店,台中市沙鹿區,復興北路３６３號,5621,20200417,20200415,20200417,20200415,N
4202422902,Y測試特店,YN測試特店,台中市中區,復興北路３６３號,5621,20200417,20200415,20200417,20200415,N
4219406796,Y測試特店,YN測試特店,台中市豐原區,復興北路３６３號,7230,20200417,20200415,20200417,20200415,N
4219406806,Y測試特店,YN測試特店,台中市沙鹿區,復興北路３６３號,7230,20200417,20200415,20200417,20200415,N
4207100812,Y測試特店,YN測試特店,台中市西屯區,復興北路３６３號,5812,20200811,0,20200811,0,N
4302401979,Y測試特店,YN測試特店,南投縣埔里鎮,復興北路３６３號,5621,20200417,20200415,20200417,20200415,N
4302402249,Y測試特店,YN測試特店,南投縣埔里鎮,復興北路３６３號,5621,20200417,0,20200417,0,N
6219001093,Y測試特店,YN測試特店,台南市東區,復興北路３６３號,7230,20200417,20200419,20200417,0,N
110335955,Y測試特店,YN測試特店,台北市松山區,復興北路３６３號,9399,20200714,0,20200703,0,N
101062677,Y測試特店,YN測試特店,台北市松山區,復興北路３６３號,5311,20170804,0,20190222,0,N
110335887,Y測試特店,YN測試特店,台北市松山區,復興北路３６３號,4812,20190617,0,20190617,0,N
110500267,Y測試特店,YN測試特店,台北市松山區,復興北路３６３號,7011,20171218,0,20190911,0,N
125005725,Y測試特店,YN測試特店,台北市松山區,復興北路３６３號,8398,20200721,20200722,20190926,0,N
4210307111,Y測試特店,YN測試特店,台中市沙鹿區,復興北路３６３號,4812,20200401,20200415,20200401,20200415,N
4410301772,Y測試特店,YN測試特店,彰化縣溪湖鎮,復興北路３６３號,4812,20200401,0,20200401,0,N
4410301780,Y測試特店,YN測試特店,彰化縣彰化市,復興北路３６３號,4812,20200401,0,20200401,0,N
4510300451,Y測試特店,YN測試特店,雲林縣麥寮鄉,復興北路３６３號,4812,20200401,0,20200401,0,N
6210304329,Y測試特店,YN測試特店,台南市北區,復興北路３６３號,4812,20200401,20200419,20200401,20200409,N
9210300406,Y測試特店,YN測試特店,台東縣台東市,復興北路３６３號,4812,20200401,20200419,20200401,0,N
100804645,Y測試特店,YN測試特店,台北市內湖區,復興北路３６３號,5045,20200721,20200723,20210311,0,N
111500536,Y測試特店,YN測試特店,台北市松山區,復興北路３６３號,7523,20190515,0,20190612,0,N
207100791,Y測試特店,YN測試特店,高雄市新興區,復興北路３６３號,5812,20180823,0,20190912,0,N
103508255,Y測試特店,YN測試特店,台北市松山區,復興北路３６３號,5499,20200331,0,20200401,0,N
101422902,Y測試特店,YN測試特店,台北市松山區,復興北路３６３號,5499,20190911,0,20190920,0,N
1101402819,Y測試特店,YN測試特店,基隆市七堵區,復興北路３６３號,5499,20120517,0,20120517,0,N
108000464,Y測試特店,YN測試特店,台北市松山區,復興北路３６３號,7011,20180521,0,20150415,0,N
101061526,Y測試特店,YN測試特店,台北市松山區,復興北路３６３號,5311,20150526,0,20150526,0,N
101061533,Y測試特店,YN測試特店,台北市松山區,復興北路３６３號,5311,20150526,0,20150526,0,N
4201413110,Y測試特店,YN測試特店,台中市西屯區,復興北路３６３號,5499,20120607,0,20120607,0,N
117323715,Y測試特店,YN測試特店,台北市松山區,復興北路３６３號,5944,20180301,0,20180301,0,N
101062474,Y測試特店,YN測試特店,台北市松山區,復興北路３６３號,5311,20180530,0,20180530,0,N
108003521,Y測試特店,YN測試特店,台北市松山區,復興北路３６３號,7011,20170918,0,20170922,0,N
108003539,Y測試特店,YN測試特店,台北市松山區,復興北路３６３號,7011,20170922,0,20170922,0,N
108003547,Y測試特店,YN測試特店,台北市松山區,復興北路３６３號,7011,20170922,0,20170922,0,N
108003571,Y測試特店,YN測試特店,台北市松山區,復興北路３６３號,7011,20170922,0,20170922,0,N
130801424,Y測試特店,YN測試特店,台北市松山區,復興北路３６３號,7011,20160608,0,20160608,0,N
1501406238,Y測試特店,YN測試特店,新竹縣竹北市,復興北路３６３號,5499,20120605,0,20120605,0,N
1301423576,Y測試特店,YN測試特店,新北市汐止區,復興北路３６３號,5499,20120605,0,20120605,0,N
130801458,Y測試特店,YN測試特店,台北市松山區,復興北路３６３號,7011,20160608,0,20160608,0,N
101061867,Y測試特店,YN測試特店,台北市松山區,復興北路３６３號,5311,20151208,20190506,20151208,0,N
101061883,Y測試特店,YN測試特店,台北市松山區,復興北路３６３號,5311,20151208,0,20151208,0,N
101061977,Y測試特店,YN測試特店,台北市松山區,復興北路３６３號,5311,20151228,0,20151225,0,N
101062023,Y測試特店,YN測試特店,台北市松山區,復興北路３６３號,5311,20151228,0,20151228,0,N
101061993,Y測試特店,YN測試特店,台北市松山區,復興北路３６３號,5311,20151228,0,20151228,0,N
132450724,Y測試特店,YN測試特店,台北市松山區,復興北路３６３號,5621,20171018,0,20171018,0,N
132450980,Y測試特店,YN測試特店,台北市松山區,復興北路３６３號,5621,20221209,0,20181108,0,N
130801855,Y測試特店,YN測試特店,台北市松山區,復興北路３６３號,7011,20171109,0,20171109,0,N
4401001338,Y測試特店,YN測試特店,彰化縣員林市,復興北路３６３號,5311,20151228,0,20151228,0,N
101061875,Y測試特店,YN測試特店,台北市松山區,復興北路３６３號,5311,20151208,0,20151208,0,N
101061902,Y測試特店,YN測試特店,台北市松山區,復興北路３６３號,5311,20230428,0,20180820,0,N
125005673,Y測試特店,YN測試特店,台北市松山區,復興北路３６３號,8398,20160203,0,20160203,0,N
125005665,Y測試特店,YN測試特店,台北市松山區,復興北路３６３號,8398,20160203,0,20160203,0,N
130801568,Y測試特店,YN測試特店,台北市松山區,復興北路３６３號,5814,20160802,0,20160802,0,N
100830020,Y測試特店,YN測試特店,台北市松山區,復興北路３６３號,4722,20171212,0,20140829,0,N
100830046,Y測試特店,YN測試特店,台北市松山區,復興北路３６３號,4722,20171212,20220818,20140829,0,N
110016241,Y測試特店,YN測試特店,台北市松山區,復興北路３６３號,5732,20180301,0,20180301,0,N
101422883,Y測試特店,YN測試特店,台北市松山區,復興北路３６３號,5499,20160314,0,20160815,0,N
132450708,Y測試特店,YN測試特店,台北市松山區,復興北路３６３號,5621,20171018,0,20170825,0,N
101062437,Y測試特店,YN測試特店,台北市松山區,復興北路３６３號,5311,20180330,0,20180330,0,N
118005756,Y測試特店,YN測試特店,台北市松山區,復興北路３６３號,7011,20200326,0,20180731,0,N
101061672,Y測試特店,YN測試特店,台北市松山區,復興北路３６３號,5311,20150723,0,20150723,0,N
104202193,Y測試特店,YN測試特店,台北市文山區,復興北路３６３號,5814,20161230,0,20161230,0,N
104202209,Y測試特店,YN測試特店,台北市南港區,復興北路３６３號,5814,20161230,0,20161230,0,N
104202295,Y測試特店,YN測試特店,台北市中正區,復興北路３６３號,5814,20161230,0,20161230,0,N
104202301,Y測試特店,YN測試特店,台北市信義區,復興北路３６３號,5814,20161230,0,20161230,0,N
104202355,Y測試特店,YN測試特店,台北市內湖區,復興北路３６３號,5814,20161230,0,20161230,0,N
104202371,Y測試特店,YN測試特店,台北市大安區,復興北路３６３號,5814,20161230,0,20161230,0,N
104202533,Y測試特店,YN測試特店,台北市中山區,復興北路３６３號,5814,20171123,0,20171123,0,N
104202541,Y測試特店,YN測試特店,台北市士林區,復興北路３６３號,5814,20171123,0,20171123,0,N
104202567,Y測試特店,YN測試特店,台北市中山區,復興北路３６３號,5814,20171124,0,20171124,0,N
104202574,Y測試特店,YN測試特店,台北市內湖區,復興北路３６３號,5814,20171124,0,20171124,0,N
104202582,Y測試特店,YN測試特店,台北市北投區,復興北路３６３號,5814,20171123,0,20171123,0,N
104202590,Y測試特店,YN測試特店,台北市大安區,復興北路３６３號,5814,20171123,0,20171123,0,N
104202601,Y測試特店,YN測試特店,台北市大同區,復興北路３６３號,5814,20171124,0,20171124,0,N
104202635,Y測試特店,YN測試特店,台北市松山區,復興北路３６３號,5814,20171124,0,20171124,0,N
104202642,Y測試特店,YN測試特店,台北市中山區,復興北路３６３號,5814,20171124,0,20171124,0,N
104202650,Y測試特店,YN測試特店,台北市信義區,復興北路３６３號,5814,20171124,0,20171124,0,N
104202668,Y測試特店,YN測試特店,台北市信義區,復興北路３６３號,5814,20171124,0,20171124,0,N
104202676,Y測試特店,YN測試特店,台北市文山區,復興北路３６３號,5814,20171124,0,20171124,0,N
104202684,Y測試特店,YN測試特店,台北市南港區,復興北路３６３號,5814,20171124,0,20171124,0,N
104202692,Y測試特店,YN測試特店,台北市萬華區,復興北路３６３號,5814,20171124,0,20171124,0,N
104202703,Y測試特店,YN測試特店,台北市中正區,復興北路３６３號,5814,20171124,0,20171124,0,N
104202710,Y測試特店,YN測試特店,台北市士林區,復興北路３６３號,5814,20171124,0,20171124,0,N
104202728,Y測試特店,YN測試特店,台北市文山區,復興北路３６３號,5814,20171124,0,20171124,0,N
104203800,Y測試特店,YN測試特店,台北市中正區,復興北路３６３號,5814,20181102,0,20181102,0,N
104203818,Y測試特店,YN測試特店,台北市士林區,復興北路３６３號,5814,20181102,0,20181102,0,N
104203833,Y測試特店,YN測試特店,台北市中山區,復興北路３６３號,5814,20190104,0,20190104,0,N
104203998,Y測試特店,YN測試特店,台北市信義區,復興北路３６３號,5814,20190527,0,20190527,0,N
104204085,Y測試特店,YN測試特店,台北市內湖區,復興北路３６３號,5814,20191008,0,20191008,0,N
104204187,Y測試特店,YN測試特店,台北市松山區,復興北路３６３號,5814,20200108,0,20200108,0,N
104204296,Y測試特店,YN測試特店,台北市北投區,復興北路３６３號,5814,20200622,0,20200622,0,N
104204315,Y測試特店,YN測試特店,台北市南港區,復興北路３６３號,5814,20200727,0,20200727,0,N
104204348,Y測試特店,YN測試特店,台北市內湖區,復興北路３６３號,5814,20200921,0,20200921,0,N
104204628,Y測試特店,YN測試特店,台北市南港區,復興北路３６３號,5814,20210413,0,20210413,0,N
104204636,Y測試特店,YN測試特店,台北市中正區,復興北路３６３號,5814,20210422,0,20210422,0,N
104204729,Y測試特店,YN測試特店,台北市大安區,復興北路３６３號,5814,20210513,0,20210513,0,N
104204745,Y測試特店,YN測試特店,台北市中正區,復興北路３６３號,5814,20210524,0,20210524,0,N
104204790,Y測試特店,YN測試特店,台北市大安區,復興北路３６３號,5814,20210615,0,20210615,0,N
104204805,Y測試特店,YN測試特店,台北市中正區,復興北路３６３號,5814,20210616,0,20210616,0,N
104204813,Y測試特店,YN測試特店,台北市大同區,復興北路３６３號,5814,20210621,0,20210621,0,N
104204855,Y測試特店,YN測試特店,台北市士林區,復興北路３６３號,5814,20210714,0,20210714,0,N
104204863,Y測試特店,YN測試特店,台北市內湖區,復興北路３６３號,5814,20210714,0,20210714,0,N
104204871,Y測試特店,YN測試特店,台北市北投區,復興北路３６３號,5814,20210714,0,20210714,0,N
104204888,Y測試特店,YN測試特店,台北市松山區,復興北路３６３號,5814,20210810,0,20210810,0,N
104204956,Y測試特店,YN測試特店,台北市文山區,復興北路３６３號,5814,20210913,0,20210913,0,N
104205002,Y測試特店,YN測試特店,台北市文山區,復興北路３６３號,5814,20211012,0,20211012,0,N
104205010,Y測試特店,YN測試特店,台北市士林區,復興北路３６３號,5814,20211022,0,20211022,0,N
104205028,Y測試特店,YN測試特店,台北市中山區,復興北路３６３號,5814,20211021,0,20211021,0,N
104205031,Y測試特店,YN測試特店,台北市中山區,復興北路３６３號,5814,20211118,0,20211118,0,N
104205065,Y測試特店,YN測試特店,台北市士林區,復興北路３６３號,5814,20211118,0,20211118,0,N
104205420,Y測試特店,YN測試特店,台北市文山區,復興北路３６３號,5814,20220415,0,20220415,0,N
104205487,Y測試特店,YN測試特店,台北市松山區,復興北路３６３號,5814,20220415,0,20220415,0,N
104205495,Y測試特店,YN測試特店,台北市信義區,復興北路３６３號,5814,20220415,0,20220415,0,N
104205506,Y測試特店,YN測試特店,台北市松山區,復興北路３６３號,5814,20220421,0,20220421,0,N
104205514,Y測試特店,YN測試特店,台北市大安區,復興北路３６３號,5814,20220421,0,20220421,0,N
104205555,Y測試特店,YN測試特店,台北市萬華區,復興北路３６３號,5814,20220519,0,20220519,0,N
104205665,Y測試特店,YN測試特店,台北市士林區,復興北路３６３號,5814,20220616,0,20220616,0,N
104205759,Y測試特店,YN測試特店,台北市中山區,復興北路３６３號,5814,20220721,0,20220721,0,N
204200772,Y測試特店,YN測試特店,高雄市三民區,復興北路３６３號,5814,20161229,0,20161229,0,N
204200780,Y測試特店,YN測試特店,高雄市苓雅區,復興北路３６３號,5814,20161229,0,20161229,0,N
204200798,Y測試特店,YN測試特店,高雄市鳥松區,復興北路３６３號,5814,20161229,0,20161229,0,N
204200809,Y測試特店,YN測試特店,高雄市楠梓區,復興北路３６３號,5814,20161229,0,20161229,0,N
204200858,Y測試特店,YN測試特店,高雄市小港區,復興北路３６３號,5814,20161230,0,20161230,0,N
204201319,Y測試特店,YN測試特店,高雄市鳳山區,復興北路３６３號,5814,20171123,0,20171123,0,N
204201322,Y測試特店,YN測試特店,高雄市岡山區,復興北路３６３號,5814,20171123,0,20171123,0,N
204201339,Y測試特店,YN測試特店,高雄市苓雅區,復興北路３６３號,5814,20171123,0,20171123,0,N
204201347,Y測試特店,YN測試特店,高雄市三民區,復興北路３６３號,5814,20171123,0,20171123,0,N
204201355,Y測試特店,YN測試特店,高雄市楠梓區,復興北路３６３號,5814,20171123,0,20171123,0,N
204201363,Y測試特店,YN測試特店,高雄市鳳山區,復興北路３６３號,5814,20171124,0,20171124,0,N
204201371,Y測試特店,YN測試特店,高雄市三民區,復興北路３６３號,5814,20171124,0,20171124,0,N
204201389,Y測試特店,YN測試特店,高雄市左營區,復興北路３６３號,5814,20171124,0,20171124,0,N
204201397,Y測試特店,YN測試特店,高雄市小港區,復興北路３６３號,5814,20171124,0,20171124,0,N
204201402,Y測試特店,YN測試特店,高雄市三民區,復興北路３６３號,5814,20171124,0,20171124,0,N
204201410,Y測試特店,YN測試特店,高雄市前鎮區,復興北路３６３號,5814,20171124,0,20171124,0,N
204201423,Y測試特店,YN測試特店,高雄市苓雅區,復興北路３６３號,5814,20171124,0,20171124,0,N
204201992,Y測試特店,YN測試特店,高雄市鳳山區,復興北路３６３號,5814,20181113,0,20181102,0,N
204202064,Y測試特店,YN測試特店,高雄市鼓山區,復興北路３６３號,5814,20190528,0,20190528,0,N
204202097,Y測試特店,YN測試特店,高雄市左營區,復興北路３６３號,5814,20190813,0,20190813,0,N
204202833,Y測試特店,YN測試特店,高雄市三民區,復興北路３６３號,5814,20220322,0,20220322,0,N
204203007,Y測試特店,YN測試特店,高雄市仁武區,復興北路３６３號,5814,20220630,0,20220630,0,N
1104200114,Y測試特店,YN測試特店,基隆市仁愛區,復興北路３６３號,5814,20171123,0,20171123,0,N
1104200121,Y測試特店,YN測試特店,基隆市仁愛區,復興北路３６３號,5814,20171124,0,20171124,0,N
1204200189,Y測試特店,YN測試特店,宜蘭縣宜蘭市,復興北路３６３號,5814,20171124,0,20171124,0,N
1204200197,Y測試特店,YN測試特店,宜蘭縣羅東鎮,復興北路３６３號,5814,20171124,0,20171124,0,N
1204200203,Y測試特店,YN測試特店,宜蘭縣宜蘭市,復興北路３６３號,5814,20171124,0,20171124,0,N
1204200333,Y測試特店,YN測試特店,宜蘭縣礁溪鄉,復興北路３６３號,5814,20200922,0,20200922,0,N
1304201485,Y測試特店,YN測試特店,新北市新店區,復興北路３６３號,5814,20171123,0,20171123,0,N
1304201493,Y測試特店,YN測試特店,新北市新莊區,復興北路３６３號,5814,20171123,0,20171123,0,N
1304201504,Y測試特店,YN測試特店,新北市新店區,復興北路３６３號,5814,20171123,0,20171123,0,N
104200894,Y測試特店,YN測試特店,台北市松山區,復興北路３６３號,5814,20160613,0,20160613,0,N
104200905,Y測試特店,YN測試特店,台北市萬華區,復興北路３６３號,5814,20160613,0,20160613,0,N
104200913,Y測試特店,YN測試特店,台北市中山區,復興北路３６３號,5814,20160613,0,20160613,0,N
104200939,Y測試特店,YN測試特店,台北市大安區,復興北路３６３號,5814,20160613,0,20160613,0,N
104200947,Y測試特店,YN測試特店,台北市中正區,復興北路３６３號,5814,20160613,0,20160613,0,N
104200962,Y測試特店,YN測試特店,台北市大安區,復興北路３６３號,5814,20160613,0,20160613,0,N
104200988,Y測試特店,YN測試特店,台北市士林區,復興北路３６３號,5814,20160613,0,20160613,0,N
104200996,Y測試特店,YN測試特店,台北市中山區,復興北路３６３號,5814,20160613,0,20160613,0,N
104201018,Y測試特店,YN測試特店,台北市士林區,復興北路３６３號,5814,20160613,0,20160613,0,N
104201026,Y測試特店,YN測試特店,台北市士林區,復興北路３６３號,5814,20160613,0,20160613,0,N
104201034,Y測試特店,YN測試特店,台北市中正區,復興北路３６３號,5814,20160613,0,20160613,0,N
104201042,Y測試特店,YN測試特店,台北市中正區,復興北路３６３號,5814,20160613,0,20160613,0,N
104201055,Y測試特店,YN測試特店,台北市中山區,復興北路３６３號,5814,20160613,0,20160613,0,N
104201063,Y測試特店,YN測試特店,台北市北投區,復興北路３６３號,5814,20160613,0,20160613,0,N
104201102,Y測試特店,YN測試特店,台北市大安區,復興北路３６３號,5814,20160613,0,20160613,0,N
104201110,Y測試特店,YN測試特店,台北市信義區,復興北路３６３號,5814,20160613,0,20160613,0,N
104201128,Y測試特店,YN測試特店,台北市松山區,復興北路３６３號,5814,20160613,0,20160613,0,N
104201136,Y測試特店,YN測試特店,台北市中山區,復興北路３６３號,5814,20160613,0,20160613,0,N
104201164,Y測試特店,YN測試特店,台北市文山區,復興北路３６３號,5814,20160613,0,20160613,0,N
104201172,Y測試特店,YN測試特店,台北市大安區,復興北路３６３號,5814,20160613,0,20160613,0,N
104201180,Y測試特店,YN測試特店,台北市中山區,復興北路３６３號,5814,20160613,0,20160613,0,N
104201198,Y測試特店,YN測試特店,台北市松山區,復興北路３６３號,5814,20160613,0,20160613,0,N
104201204,Y測試特店,YN測試特店,台北市中正區,復興北路３６３號,5814,20160613,0,20160613,0,N
104201211,Y測試特店,YN測試特店,台北市大安區,復興北路３６３號,5814,20160613,0,20160613,0,N
104201229,Y測試特店,YN測試特店,台北市中正區,復興北路３６３號,5814,20160613,0,20160613,0,N
104201237,Y測試特店,YN測試特店,台北市士林區,復興北路３６３號,5814,20160613,0,20160613,0,N
104201240,Y測試特店,YN測試特店,台北市北投區,復興北路３６３號,5814,20160613,0,20160613,0,N
104201258,Y測試特店,YN測試特店,台北市文山區,復興北路３６３號,5814,20160613,0,20160613,0,N
104201266,Y測試特店,YN測試特店,台北市內湖區,復興北路３６３號,5814,20160613,0,20160613,0,N
104201274,Y測試特店,YN測試特店,台北市內湖區,復興北路３６３號,5814,20160613,0,20160613,0,N
104201282,Y測試特店,YN測試特店,台北市大同區,復興北路３６３號,5814,20160613,0,20160613,0,N
104201290,Y測試特店,YN測試特店,台北市大同區,復興北路３６３號,5814,20160613,0,20160613,0,N
104201305,Y測試特店,YN測試特店,台北市萬華區,復興北路３６３號,5814,20160613,0,20160613,0,N
104201313,Y測試特店,YN測試特店,台北市文山區,復興北路３６３號,5814,20160613,0,20160613,0,N
104201321,Y測試特店,YN測試特店,台北市中山區,復興北路３６３號,5814,20171215,0,20160613,0,N
104201334,Y測試特店,YN測試特店,台北市北投區,復興北路３６３號,5814,20160613,0,20160613,0,N
104201342,Y測試特店,YN測試特店,台北市南港區,復興北路３６３號,5814,20160613,0,20160613,0,N
104201350,Y測試特店,YN測試特店,台北市松山區,復興北路３６３號,5814,20160613,0,20160613,0,N
104201376,Y測試特店,YN測試特店,台北市信義區,復興北路３６３號,5814,20160613,0,20160613,0,N
104201383,Y測試特店,YN測試特店,台北市文山區,復興北路３６３號,5814,20160613,0,20160613,0,N
104201391,Y測試特店,YN測試特店,台北市南港區,復興北路３６３號,5814,20160613,0,20160613,0,N
104201415,Y測試特店,YN測試特店,台北市大安區,復興北路３６３號,5814,20160613,0,20160613,0,N
104201436,Y測試特店,YN測試特店,台北市內湖區,復興北路３６３號,5814,20160613,0,20160613,0,N
104201485,Y測試特店,YN測試特店,台北市內湖區,復興北路３６３號,5814,20160613,0,20160613,0,N
104201509,Y測試特店,YN測試特店,台北市信義區,復興北路３６３號,5814,20160613,0,20160613,0,N
104201537,Y測試特店,YN測試特店,台北市信義區,復興北路３６３號,5814,20160613,0,20160613,0,N
104201553,Y測試特店,YN測試特店,台北市內湖區,復興北路３６３號,5814,20160613,0,20160613,0,N
104201561,Y測試特店,YN測試特店,台北市大安區,復興北路３６３號,5814,20160614,0,20160614,0,N
104201579,Y測試特店,YN測試特店,台北市大安區,復興北路３６３號,5814,20160614,0,20160614,0,N
104201595,Y測試特店,YN測試特店,台北市松山區,復興北路３６３號,5814,20160614,0,20160614,0,N
104201707,Y測試特店,YN測試特店,台北市萬華區,復興北路３６３號,5814,20161229,0,20161229,0,N
104201715,Y測試特店,YN測試特店,台北市中山區,復興北路３６３號,5814,20161229,0,20161229,0,N
104201731,Y測試特店,YN測試特店,台北市大安區,復興北路３６３號,5814,20161229,0,20161229,0,N
104201764,Y測試特店,YN測試特店,台北市大安區,復興北路３６３號,5814,20161229,0,20161229,0,N
104201780,Y測試特店,YN測試特店,台北市士林區,復興北路３６３號,5814,20161229,0,20161229,0,N
104201832,Y測試特店,YN測試特店,台北市中正區,復興北路３６３號,5814,20161229,0,20161229,0,N
104201858,Y測試特店,YN測試特店,台北市中山區,復興北路３６３號,5814,20161229,0,20161229,0,N
104201976,Y測試特店,YN測試特店,台北市大安區,復興北路３６３號,5814,20161229,0,20161229,0,N
104202047,Y測試特店,YN測試特店,台北市北投區,復興北路３６３號,5814,20161229,0,20161229,0,N
104202084,Y測試特店,YN測試特店,台北市大同區,復興北路３６３號,5814,20161230,0,20161230,0,N
104202160,Y測試特店,YN測試特店,台北市松山區,復興北路３６３號,5814,20161230,0,20161230,0,N
10012345,Y測試特店,YN測試特店,台北市松山區,復興北路３６３號,4722,20140729,0,20040519,0,N
2345678901,Y測試特店,YN測試特店,台北市松山區,復興北路３６３號,4722,20140729,0,20040519,0,N
3456789012,Y測試特店,YN測試特店,台北市松山區,復興北路３６３號,4722,20140729,0,20040519,0,N
125006230,Y測試特店,YN測試特店,台北市松山區,復興北路３６３號,4722,20140729,0,20040519,0,N
4225001345,Y測試特店,YN測試特店,台北市松山區,復興北路３６３號,4722,20140729,0,20040519,0,N
1325001123,Y測試特店,YN測試特店,台北市松山區,復興北路３６３號,4722,20140729,0,20040519,0,N
1325001131,Y測試特店,YN測試特店,台北市松山區,復興北路３６３號,4722,20140729,0,20040519,0,N
1325001149,Y測試特店,YN測試特店,台北市松山區,復興北路３６３號,4722,20140729,0,20040519,0,N
1411500415,Y測試特店,YN測試特店,桃園市龜山區,復興北路３６３號,7523,20110701,0, , ,N
1311500189,Y測試特店,YN測試特店,新北市新莊區,復興北路３６３號,7523,20110609,0, , ,N
6410002271,Y測試特店,YN測試特店,屏東縣屏東市,復興北路３６３號,5732,20201218,0, , ,N
111500163,Y測試特店,YN測試特店,台北市松山區,復興北路３６３號,7523,20100507,0, , ,N
4211500080,Y測試特店,YN測試特店,台中市南屯區,復興北路３６３號,7523,20120118,0, , ,N
132450800,Y測試特店,YN測試特店,台北市松山區,復興北路３６３號,5621,20180330,0, , ,N
111500257,Y測試特店,YN測試特店,台北市松山區,復興北路３６３號,7523,20100920,0, , ,N
211500130,Y測試特店,YN測試特店,高雄市苓雅區,復興北路３６３號,7523,20111212,0, , ,N
1211500020,Y測試特店,YN測試特店,宜蘭縣宜蘭市,復興北路３６３號,7523,20100901,0, , ,N
101062398,Y測試特店,YN測試特店,台北市松山區,復興北路３６３號,5311,20170511,0, , ,N
1311500119,Y測試特店,YN測試特店,新北市板橋區,復興北路３６３號,7523,20110218,0, , ,N
1511500026,Y測試特店,YN測試特店,新竹市,復興北路３６３號,7523,20120213,0, , ,N
211500067,Y測試特店,YN測試特店,高雄市前金區,復興北路３６３號,7523,20110428,0, , ,N
101061416,Y測試特店,YN測試特店,台北市松山區,復興北路３６３號,5311,20220208,0, , ,N
107103054,Y測試特店,YN測試特店,台北市中山區,復興北路３６３號,5812,20201222,0, , ,N
1311500171,Y測試特店,YN測試特店,新北市林口區,復興北路３６３號,7523,20110603,0, , ,N
1411500516,Y測試特店,YN測試特店,桃園市中壢區,復興北路３６３號,7523,20120514,0, , ,N
211500020,Y測試特店,YN測試特店,高雄市新興區,復興北路３６３號,7523,20110120,0, , ,N
1411500503,Y測試特店,YN測試特店,桃園市桃園區,復興北路３６３號,7523,20120403,0, , ,N
1311500211,Y測試特店,YN測試特店,新北市三重區,復興北路３６３號,7523,20111019,0, , ,N
111500338,Y測試特店,YN測試特店,台北市大安區,復興北路３６３號,7523,20110125,0, , ,N
201004848,Y測試特店,YN測試特店,高雄市前鎮區,復興北路３６３號,5311,20180823,20191016, , ,N
111500062,Y測試特店,YN測試特店,台北市中正區,復興北路３６３號,7523,20090205,0, , ,N
4211500043,Y測試特店,YN測試特店,台中市西區,復興北路３６３號,7523,20110322,0, , ,N
101422910,Y測試特店,YN測試特店,台北市松山區,復興北路３６３號,5499,20210628,0, , ,N
111500273,Y測試特店,YN測試特店,台北市大同區,復興北路３６３號,7523,20100920,0, , ,N
1411500423,Y測試特店,YN測試特店,桃園市蘆竹區,復興北路３６３號,7523,20110727,0, , ,N
111500135,Y測試特店,YN測試特店,台北市松山區,復興北路３６３號,7523,20091204,0, , ,N
1311500101,Y測試特店,YN測試特店,新北市泰山區,復興北路３６３號,7523,20110125,0, , ,N
111500210,Y測試特店,YN測試特店,台北市士林區,復興北路３６３號,7523,20100916,0, , ,N
104200719,Y測試特店,YN測試特店,台北市松山區,復興北路３６３號,8398,20180525,0, , ,N
1311500148,Y測試特店,YN測試特店,新北市新莊區,復興北路３６３號,7523,20110510,0, , ,N
1211500012,Y測試特店,YN測試特店,宜蘭縣宜蘭市,復興北路３６３號,7523,20110125,0, , ,N
1505300419,Y測試特店,YN測試特店,新竹市,復興北路３６３號,5812,20190611,0, , ,N
4211500072,Y測試特店,YN測試特店,台中市大甲區,復興北路３６３號,7523,20111006,0, , ,N
111500203,Y測試特店,YN測試特店,台北市中正區,復興北路３６３號,7523,20100507,0, , ,N
111500320,Y測試特店,YN測試特店,台北市松山區,復興北路３６３號,7523,20110125,0, , ,N
104200727,Y測試特店,YN測試特店,台北市松山區,復興北路３６３號,5814,20181005,0, , ,N
111500560,Y測試特店,YN測試特店,台北市中山區,復興北路３６３號,7523,20201229,0, , ,N
111500236,Y測試特店,YN測試特店,台北市中山區,復興北路３６３號,7523,20100920,0, , ,N
107208297,Y測試特店,YN測試特店,台北市松山區,復興北路３６３號,5812,20220728,0, , ,N
1411500480,Y測試特店,YN測試特店,桃園市八德區,復興北路３６３號,7523,20111212,0, , ,N
107208276,Y測試特店,YN測試特店,台北市松山區,復興北路３６３號,5812,20220728,0, , ,N
132451660,Y測試特店,YN測試特店,台北市松山區,復興北路３６３號,5621,20210517,0, , ,N
1411500472,Y測試特店,YN測試特店,桃園市蘆竹區,復興北路３６３號,7523,20111118,0, , ,N
111500414,Y測試特店,YN測試特店,台北市內湖區,復興北路３６３號,7523,20111020,0, , ,N
111500450,Y測試特店,YN測試特店,台北市士林區,復興北路３６３號,7523,20120119,0, , ,N
4201004962,Y測試特店,YN測試特店,台中市南屯區,復興北路３６３號,5311,20180823,0, , ,N
1211500053,Y測試特店,YN測試特店,宜蘭縣宜蘭市,復興北路３６３號,7523,20110701,0, , ,N
4411500011,Y測試特店,YN測試特店,彰化縣彰化市,復興北路３６３號,7523,20110727,0, , ,N
111500304,Y測試特店,YN測試特店,台北市松山區,復興北路３６３號,7523,20100920,0, , ,N
104200735,Y測試特店,YN測試特店,台北市士林區,復興北路３６３號,5814,20210623,0, , ,N
110335963,Y測試特店,YN測試特店,台北市松山區,復興北路３６３號,9399,20200715,0, , ,N
1311500164,Y測試特店,YN測試特店,新北市新莊區,復興北路３６３號,7523,20110510,0, , ,N
111500390,Y測試特店,YN測試特店,台北市大安區,復興北路３６３號,7523,20110727,0, , ,N
202437250,Y測試特店,YN測試特店,高雄市新興區,復興北路３６３號,5621,20210520,0, , ,N
4211500056,Y測試特店,YN測試特店,台中市西區,復興北路３６３號,7523,20110411,0, , ,N
211500091,Y測試特店,YN測試特店,高雄市新興區,復興北路３６３號,7523,20110727,0, , ,N
111500406,Y測試特店,YN測試特店,台北市內湖區,復興北路３６３號,7523,20110922,0, , ,N
201004856,Y測試特店,YN測試特店,高雄市三民區,復興北路３６３號,5311,20180823,0, , ,N
211500038,Y測試特店,YN測試特店,高雄市新興區,復興北路３６３號,7523,20110121,0, , ,N
1311500127,Y測試特店,YN測試特店,新北市淡水區,復興北路３６３號,7523,20110316,0, , ,N
111500422,Y測試特店,YN測試特店,台北市中山區,復興北路３６３號,7523,20111020,0, , ,N
111500341,Y測試特店,YN測試特店,台北市大同區,復興北路３６３號,7523,20110125,0, , ,N
211500122,Y測試特店,YN測試特店,高雄市新興區,復興北路３６３號,7523,20111025,0, , ,N
1411500430,Y測試特店,YN測試特店,桃園市大園區,復興北路３６３號,7523,20110727,0, , ,N
111500228,Y測試特店,YN測試特店,台北市大同區,復興北路３６３號,7523,20100920,0, , ,N
111500367,Y測試特店,YN測試特店,台北市士林區,復興北路３６３號,7523,20110609,0, , ,N
111500150,Y測試特店,YN測試特店,台北市信義區,復興北路３６３號,7523,20100507,0, , ,N
4211500098,Y測試特店,YN測試特店,台中市西區,復興北路３６３號,7523,20120403,0, , ,N
111500435,Y測試特店,YN測試特店,台北市信義區,復興北路３６３號,7523,20111024,0, , ,N
101061306,Y測試特店,YN測試特店,台北市松山區,復興北路３６３號,5311,20220208,0, , ,N
101408416,Y測試特店,YN測試特店,台北市北投區,復興北路３６３號,5499,20080102,0, , ,N
1311500229,Y測試特店,YN測試特店,新北市新莊區,復興北路３６３號,7523,20120514,0, , ,N
111500189,Y測試特店,YN測試特店,台北市內湖區,復興北路３６３號,7523,20100507,0, , ,N
1311500096,Y測試特店,YN測試特店,新北市蘆洲區,復興北路３６３號,7523,20110125,0, , ,N
1311500203,Y測試特店,YN測試特店,新北市新店區,復興北路３６３號,7523,20110922,0, , ,N
107100819,Y測試特店,YN測試特店,台北市松山區,復興北路３６３號,5812,20220628,0, , ,N
111500468,Y測試特店,YN測試特店,台北市南港區,復興北路３６３號,7523,20120301,0, , ,N
111500359,Y測試特店,YN測試特店,台北市中山區,復興北路３６３號,7523,20110509,0, , ,N
4411500049,Y測試特店,YN測試特店,彰化縣彰化市,復興北路３６３號,7523,20120727,0, , ,N
111500265,Y測試特店,YN測試特店,台北市大安區,復興北路３６３號,7523,20100920,0, , ,N
4202457937,Y測試特店,YN測試特店,台中市南區,復興北路３６３號,5621,20220527,0, , ,N
1211500046,Y測試特店,YN測試特店,宜蘭縣羅東鎮,復興北路３６３號,7523,20110701,0, , ,N
101062980,Y測試特店,1.23E+14,台北市松山區,復興北路３６３號,5311,20230705,0, , ,Y
1411500402,Y測試特店,YN測試特店,桃園市桃園區,復興北路３６３號,7523,20110510,0, , ,N
111500079,Y測試特店,YN測試特店,台北市士林區,復興北路３６３號,7523,20090514,0, , ,N
211500114,Y測試特店,YN測試特店,高雄市小港區,復興北路３６３號,7523,20111020,0, , ,N
4211500064,Y測試特店,YN測試特店,台中市北屯區,復興北路３６３號,7523,20110901,0, , ,N
111500299,Y測試特店,YN測試特店,台北市中正區,復興北路３６３號,7523,20100920,0, , ,N
1311500232,Y測試特店,YN測試特店,新北市新店區,復興北路３６３號,7523,20120620,0, , ,N
4411500032,Y測試特店,YN測試特店,彰化縣彰化市,復興北路３６３號,7523,20120403,0, , ,N
1111500016,Y測試特店,YN測試特店,基隆市安樂區,復興北路３６３號,7523,20110217,0, , ,N
101062404,Y測試特店,YN測試特店,台北市松山區,復興北路３６３號,5311,20170511,0, , ,N
211500075,Y測試特店,YN測試特店,高雄市左營區,復興北路３６３號,7523,20110609,0, , ,N
107208310,Y測試特店,YN測試特店,台北市松山區,復興北路３６３號,5812,20221111,0, , ,N
4511500016,Y測試特店,YN測試特店,雲林縣斗六市,復興北路３６３號,7523,20120730,0, , ,N
1211500038,Y測試特店,YN測試特店,宜蘭縣宜蘭市,復興北路３６３號,7523,20110411,0, , ,N
1311500135,Y測試特店,YN測試特店,新北市新莊區,復興北路３６３號,7523,20110510,0, , ,N
4411500029,Y測試特店,YN測試特店,彰化縣彰化市,復興北路３６３號,7523,20111118,0, , ,N
1311500249,Y測試特店,YN測試特店,新北市新莊區,復興北路３６３號,7523,20120621,0, , ,N
111500281,Y測試特店,YN測試特店,台北市松山區,復興北路３６３號,7523,20100920,0, , ,N
211500054,Y測試特店,YN測試特店,高雄市前金區,復興北路３６３號,7523,20110421,0, , ,N
124901412,Y測試特店,YN測試特店,台北市松山區,復興北路３６３號,9399,20230107,0, , ,N
111500095,Y測試特店,YN測試特店,台北市中正區,復興北路３６３號,7523,20090727,0, , ,N
107208302,Y測試特店,YN測試特店,台北市松山區,復興北路３６３號,5812,20221111,0, , ,N
111500312,Y測試特店,YN測試特店,台北市士林區,復興北路３６３號,7523,20110120,0, , ,N
6211500018,Y測試特店,YN測試特店,台南市南區,復興北路３６３號,7523,20120118,0, , ,N
1411500456,Y測試特店,YN測試特店,桃園市中壢區,復興北路３６３號,7523,20110823,0, , ,N
111500171,Y測試特店,YN測試特店,台北市中山區,復興北路３６３號,7523,20100507,0, , ,N
100815767,Y測試特店,YN測試特店,台北市中山區,復興北路３６３號,3090,20210311,0, , ,N
211500046,Y測試特店,YN測試特店,高雄市新興區,復興北路３６３號,7523,20110322,0, , ,N
1411500464,Y測試特店,YN測試特店,桃園市蘆竹區,復興北路３６３號,7523,20111011,0, , ,N
111500197,Y測試特店,YN測試特店,台北市中山區,復興北路３６３號,7523,20100507,0, , ,N
211500083,Y測試特店,YN測試特店,高雄市前鎮區,復興北路３６３號,7523,20110727,0, , ,N
1301005514,Y測試特店,YN測試特店,新北市土城區,復興北路３６３號,5311,20180823,0, , ,N
211500106,Y測試特店,YN測試特店,高雄市新興區,復興北路３６３號,7523,20110727,0, , ,N
111500087,Y測試特店,YN測試特店,台北市士林區,復興北路３６３號,7523,20090626,0, , ,N
122000129,Y測試特店,YN測試特店,台北市松山區,復興北路３６３號,5542,20180330,0, , ,N
111500127,Y測試特店,YN測試特店,台北市松山區,復興北路３６３號,7523,20091021,0, , ,N
111500382,Y測試特店,YN測試特店,台北市大安區,復興北路３６３號,7523,20110727,0, , ,N
1311500156,Y測試特店,YN測試特店,新北市新莊區,復興北路３６３號,7523,20110510,0, , ,N
1311500197,Y測試特店,YN測試特店,新北市蘆洲區,復興北路３６３號,7523,20110727,0, , ,N
1411500498,Y測試特店,YN測試特店,桃園市桃園區,復興北路３６３號,7523,20120118,0, , ,N
